",""Year"",""Pathogen"",""Antibiotic"",""Sample_size"",""Percent_resistant"",""Number_resistants"",""Region"",""Surveillance"",""Matrix"",""category"""
"1,2011,""A. baumanii"",""Carbapenem"",14,0,0,""Belgium"",""AMR"",""All samples"",""A. baumanii_Carbapenem_Belgium_All samples"""
"2,2012,""A. baumanii"",""Carbapenem"",481,6.65,32,""Belgium"",""AMR"",""All samples"",""A. baumanii_Carbapenem_Belgium_All samples"""
"3,2013,""A. baumanii"",""Carbapenem"",1127,12.16,137,""Belgium"",""AMR"",""All samples"",""A. baumanii_Carbapenem_Belgium_All samples"""
"4,2014,""A. baumanii"",""Carbapenem"",1253,6.46,81,""Belgium"",""AMR"",""All samples"",""A. baumanii_Carbapenem_Belgium_All samples"""
"5,2015,""A. baumanii"",""Carbapenem"",1209,4.8,58,""Belgium"",""AMR"",""All samples"",""A. baumanii_Carbapenem_Belgium_All samples"""
"6,2016,""A. baumanii"",""Carbapenem"",1212,5.03,61,""Belgium"",""AMR"",""All samples"",""A. baumanii_Carbapenem_Belgium_All samples"""
"7,2017,""A. baumanii"",""Carbapenem"",1221,6.06,74,""Belgium"",""AMR"",""All samples"",""A. baumanii_Carbapenem_Belgium_All samples"""
"8,2018,""A. baumanii"",""Carbapenem"",1256,7.56,95,""Belgium"",""AMR"",""All samples"",""A. baumanii_Carbapenem_Belgium_All samples"""
"9,2019,""A. baumanii"",""Carbapenem"",830,6.75,56,""Belgium"",""AMR"",""All samples"",""A. baumanii_Carbapenem_Belgium_All samples"""
"10,2020,""A. baumanii"",""Carbapenem"",810,7.28,59,""Belgium"",""AMR"",""All samples"",""A. baumanii_Carbapenem_Belgium_All samples"""
"11,2021,""A. baumanii"",""Carbapenem"",850,8.12,69,""Belgium"",""AMR"",""All samples"",""A. baumanii_Carbapenem_Belgium_All samples"""
"12,2015,""Acinetobacter"",""Carbapenem"",24,0,0,""Belgium"",""EARS"",""Blood_CSF"",""Acinetobacter_Carbapenem_Belgium_Blood_CSF"""
"13,2016,""Acinetobacter"",""Carbapenem"",78,2.6,2,""Belgium"",""EARS"",""Blood_CSF"",""Acinetobacter_Carbapenem_Belgium_Blood_CSF"""
"14,2017,""Acinetobacter"",""Carbapenem"",131,6.9,9,""Belgium"",""EARS"",""Blood_CSF"",""Acinetobacter_Carbapenem_Belgium_Blood_CSF"""
"15,2018,""Acinetobacter"",""Carbapenem"",132,3.8,5,""Belgium"",""EARS"",""Blood_CSF"",""Acinetobacter_Carbapenem_Belgium_Blood_CSF"""
"16,2019,""Acinetobacter"",""Carbapenem"",92,0,0,""Belgium"",""EARS"",""Blood_CSF"",""Acinetobacter_Carbapenem_Belgium_Blood_CSF"""
"17,2020,""Acinetobacter"",""Carbapenem"",163,1.2,2,""Belgium"",""EARS"",""Blood_CSF"",""Acinetobacter_Carbapenem_Belgium_Blood_CSF"""
"18,2021,""Acinetobacter"",""Carbapenem"",196,1,2,""Belgium"",""EARS"",""Blood_CSF"",""Acinetobacter_Carbapenem_Belgium_Blood_CSF"""
"19,2011,""A. fumigatus"",""Azole"",7,28.57,2,""Belgium"",""NRC"",""NRC_samples"",""A. fumigatus_Azole_Belgium_NRC_samples"""
"20,2012,""A. fumigatus"",""Azole"",17,41.18,7,""Belgium"",""NRC"",""NRC_samples"",""A. fumigatus_Azole_Belgium_NRC_samples"""
"21,2013,""A. fumigatus"",""Azole"",33,12.12,4,""Belgium"",""NRC"",""NRC_samples"",""A. fumigatus_Azole_Belgium_NRC_samples"""
"22,2014,""A. fumigatus"",""Azole"",27,14.81,4,""Belgium"",""NRC"",""NRC_samples"",""A. fumigatus_Azole_Belgium_NRC_samples"""
"23,2015,""A. fumigatus"",""Azole"",84,13.1,11,""Belgium"",""NRC"",""NRC_samples"",""A. fumigatus_Azole_Belgium_NRC_samples"""
"24,2016,""A. fumigatus"",""Azole"",559,9.48,53,""Belgium"",""NRC"",""NRC_samples"",""A. fumigatus_Azole_Belgium_NRC_samples"""
"25,2017,""A. fumigatus"",""Azole"",589,5.77,34,""Belgium"",""NRC"",""NRC_samples"",""A. fumigatus_Azole_Belgium_NRC_samples"""
"26,2018,""A. fumigatus"",""Azole"",567,5.82,33,""Belgium"",""NRC"",""NRC_samples"",""A. fumigatus_Azole_Belgium_NRC_samples"""
"27,2019,""A. fumigatus"",""Azole"",589,6.96,41,""Belgium"",""NRC"",""NRC_samples"",""A. fumigatus_Azole_Belgium_NRC_samples"""
"28,2020,""A. fumigatus"",""Azole"",648,7.87,51,""Belgium"",""NRC"",""NRC_samples"",""A. fumigatus_Azole_Belgium_NRC_samples"""
"29,2021,""A. fumigatus"",""Azole"",684,5.41,37,""Belgium"",""NRC"",""NRC_samples"",""A. fumigatus_Azole_Belgium_NRC_samples"""
"30,2022,""A. fumigatus"",""Azole"",933,10.61,99,""Belgium"",""NRC"",""NRC_samples"",""A. fumigatus_Azole_Belgium_NRC_samples"""
"31,2019,""C. difficile"",""Moxifloxacin"",73,26.3,19,""Belgium"",""NRC"",""NRC_samples"",""C. difficile_Moxifloxacin_Belgium_NRC_samples"""
"32,2020,""C. difficile"",""Moxifloxacin"",74,12.2,9,""Belgium"",""NRC"",""NRC_samples"",""C. difficile_Moxifloxacin_Belgium_NRC_samples"""
"33,2021,""C. difficile"",""Moxifloxacin"",70,11.4,8,""Belgium"",""NRC"",""NRC_samples"",""C. difficile_Moxifloxacin_Belgium_NRC_samples"""
"34,2022,""C. difficile"",""Moxifloxacin"",100,10,10,""Belgium"",""NRC"",""NRC_samples"",""C. difficile_Moxifloxacin_Belgium_NRC_samples"""
"35,2019,""C. difficile"",""Rifampicin"",73,4.1,3,""Belgium"",""NRC"",""NRC_samples"",""C. difficile_Rifampicin_Belgium_NRC_samples"""
"36,2020,""C. difficile"",""Rifampicin"",74,1.4,1,""Belgium"",""NRC"",""NRC_samples"",""C. difficile_Rifampicin_Belgium_NRC_samples"""
"37,2021,""C. difficile"",""Rifampicin"",70,1.4,1,""Belgium"",""NRC"",""NRC_samples"",""C. difficile_Rifampicin_Belgium_NRC_samples"""
"38,2022,""C. difficile"",""Rifampicin"",100,0,0,""Belgium"",""NRC"",""NRC_samples"",""C. difficile_Rifampicin_Belgium_NRC_samples"""
"39,2019,""C. difficile"",""Vancomycin"",74,0,0,""Belgium"",""NRC"",""NRC_samples"",""C. difficile_Vancomycin_Belgium_NRC_samples"""
"40,2020,""C. difficile"",""Vancomycin"",73,0,0,""Belgium"",""NRC"",""NRC_samples"",""C. difficile_Vancomycin_Belgium_NRC_samples"""
"41,2021,""C. difficile"",""Vancomycin"",70,0,0,""Belgium"",""NRC"",""NRC_samples"",""C. difficile_Vancomycin_Belgium_NRC_samples"""
"42,2022,""C. difficile"",""Vancomycin"",100,0,0,""Belgium"",""NRC"",""NRC_samples"",""C. difficile_Vancomycin_Belgium_NRC_samples"""
"43,2021,""C. difficile"",""Fidaxomicin"",70,0,0,""Belgium"",""NRC"",""NRC_samples"",""C. difficile_Fidaxomicin_Belgium_NRC_samples"""
"44,2022,""C. difficile"",""Fidaxomicin"",100,0,0,""Belgium"",""NRC"",""NRC_samples"",""C. difficile_Fidaxomicin_Belgium_NRC_samples"""
"45,2011,""C. albicans"",""Fluconazole"",58,3.45,2,""Belgium"",""NRC"",""NRC_samples"",""C. albicans_Fluconazole_Belgium_NRC_samples"""
"46,2012,""C. albicans"",""Fluconazole"",104,1.92,2,""Belgium"",""NRC"",""NRC_samples"",""C. albicans_Fluconazole_Belgium_NRC_samples"""
"47,2013,""C. albicans"",""Fluconazole"",146,0.68,1,""Belgium"",""NRC"",""NRC_samples"",""C. albicans_Fluconazole_Belgium_NRC_samples"""
"48,2014,""C. albicans"",""Fluconazole"",202,0.99,2,""Belgium"",""NRC"",""NRC_samples"",""C. albicans_Fluconazole_Belgium_NRC_samples"""
"49,2015,""C. albicans"",""Fluconazole"",209,1.91,4,""Belgium"",""NRC"",""NRC_samples"",""C. albicans_Fluconazole_Belgium_NRC_samples"""
"50,2016,""C. albicans"",""Fluconazole"",264,1.89,5,""Belgium"",""NRC"",""NRC_samples"",""C. albicans_Fluconazole_Belgium_NRC_samples"""
"51,2017,""C. albicans"",""Fluconazole"",383,1.31,5,""Belgium"",""NRC"",""NRC_samples"",""C. albicans_Fluconazole_Belgium_NRC_samples"""
"52,2018,""C. albicans"",""Fluconazole"",310,0.65,2,""Belgium"",""NRC"",""NRC_samples"",""C. albicans_Fluconazole_Belgium_NRC_samples"""
"53,2019,""C. albicans"",""Fluconazole"",298,2.01,6,""Belgium"",""NRC"",""NRC_samples"",""C. albicans_Fluconazole_Belgium_NRC_samples"""
"54,2020,""C. albicans"",""Fluconazole"",361,4.43,16,""Belgium"",""NRC"",""NRC_samples"",""C. albicans_Fluconazole_Belgium_NRC_samples"""
"55,2021,""C. albicans"",""Fluconazole"",434,3.92,17,""Belgium"",""NRC"",""NRC_samples"",""C. albicans_Fluconazole_Belgium_NRC_samples"""
"56,2022,""C. albicans"",""Fluconazole"",379,3.17,12,""Belgium"",""NRC"",""NRC_samples"",""C. albicans_Fluconazole_Belgium_NRC_samples"""
"57,2011,""C. glabrata"",""Fluconazole"",71,15.49,11,""Belgium"",""NRC"",""NRC_samples"",""C. glabrata_Fluconazole_Belgium_NRC_samples"""
"58,2012,""C. glabrata"",""Fluconazole"",68,14.71,10,""Belgium"",""NRC"",""NRC_samples"",""C. glabrata_Fluconazole_Belgium_NRC_samples"""
"59,2013,""C. glabrata"",""Fluconazole"",104,12.5,13,""Belgium"",""NRC"",""NRC_samples"",""C. glabrata_Fluconazole_Belgium_NRC_samples"""
"60,2014,""C. glabrata"",""Fluconazole"",110,18.18,20,""Belgium"",""NRC"",""NRC_samples"",""C. glabrata_Fluconazole_Belgium_NRC_samples"""
"61,2015,""C. glabrata"",""Fluconazole"",123,26.83,33,""Belgium"",""NRC"",""NRC_samples"",""C. glabrata_Fluconazole_Belgium_NRC_samples"""
"62,2016,""C. glabrata"",""Fluconazole"",144,19.44,28,""Belgium"",""NRC"",""NRC_samples"",""C. glabrata_Fluconazole_Belgium_NRC_samples"""
"63,2017,""C. glabrata"",""Fluconazole"",177,11.86,21,""Belgium"",""NRC"",""NRC_samples"",""C. glabrata_Fluconazole_Belgium_NRC_samples"""
"64,2018,""C. glabrata"",""Fluconazole"",159,23.27,37,""Belgium"",""NRC"",""NRC_samples"",""C. glabrata_Fluconazole_Belgium_NRC_samples"""
"65,2019,""C. glabrata"",""Fluconazole"",156,12.18,19,""Belgium"",""NRC"",""NRC_samples"",""C. glabrata_Fluconazole_Belgium_NRC_samples"""
"66,2020,""C. glabrata"",""Fluconazole"",197,12.69,25,""Belgium"",""NRC"",""NRC_samples"",""C. glabrata_Fluconazole_Belgium_NRC_samples"""
"67,2021,""C. glabrata"",""Fluconazole"",198,20.2,40,""Belgium"",""NRC"",""NRC_samples"",""C. glabrata_Fluconazole_Belgium_NRC_samples"""
"68,2022,""C. glabrata"",""Fluconazole"",216,19.91,43,""Belgium"",""NRC"",""NRC_samples"",""C. glabrata_Fluconazole_Belgium_NRC_samples"""
"69,2011,""C. glabrata"",""Anidulafungine"",54,3.7,2,""Belgium"",""NRC"",""NRC_samples"",""C. glabrata_Anidulafungine_Belgium_NRC_samples"""
"70,2012,""C. glabrata"",""Anidulafungine"",62,0,0,""Belgium"",""NRC"",""NRC_samples"",""C. glabrata_Anidulafungine_Belgium_NRC_samples"""
"71,2013,""C. glabrata"",""Anidulafungine"",101,3.96,4,""Belgium"",""NRC"",""NRC_samples"",""C. glabrata_Anidulafungine_Belgium_NRC_samples"""
"72,2014,""C. glabrata"",""Anidulafungine"",109,0.92,1,""Belgium"",""NRC"",""NRC_samples"",""C. glabrata_Anidulafungine_Belgium_NRC_samples"""
"73,2015,""C. glabrata"",""Anidulafungine"",123,0.81,1,""Belgium"",""NRC"",""NRC_samples"",""C. glabrata_Anidulafungine_Belgium_NRC_samples"""
"74,2016,""C. glabrata"",""Anidulafungine"",144,1.39,2,""Belgium"",""NRC"",""NRC_samples"",""C. glabrata_Anidulafungine_Belgium_NRC_samples"""
"75,2017,""C. glabrata"",""Anidulafungine"",160,5,8,""Belgium"",""NRC"",""NRC_samples"",""C. glabrata_Anidulafungine_Belgium_NRC_samples"""
"76,2018,""C. glabrata"",""Anidulafungine"",159,1.26,2,""Belgium"",""NRC"",""NRC_samples"",""C. glabrata_Anidulafungine_Belgium_NRC_samples"""
"77,2019,""C. glabrata"",""Anidulafungine"",152,1.32,2,""Belgium"",""NRC"",""NRC_samples"",""C. glabrata_Anidulafungine_Belgium_NRC_samples"""
"78,2020,""C. glabrata"",""Anidulafungine"",196,0.51,1,""Belgium"",""NRC"",""NRC_samples"",""C. glabrata_Anidulafungine_Belgium_NRC_samples"""
"79,2021,""C. glabrata"",""Anidulafungine"",198,0,0,""Belgium"",""NRC"",""NRC_samples"",""C. glabrata_Anidulafungine_Belgium_NRC_samples"""
"80,2022,""C. glabrata"",""Anidulafungine"",215,0.93,2,""Belgium"",""NRC"",""NRC_samples"",""C. glabrata_Anidulafungine_Belgium_NRC_samples"""
"81,2012,""E.coli"",""Colistin"",257,0,0,""Belgium"",""EARS"",""Blood_CSF"",""E.coli_Colistin_Belgium_Blood_CSF"""
"82,2013,""E.coli"",""Colistin"",1082,0.6,6,""Belgium"",""EARS"",""Blood_CSF"",""E.coli_Colistin_Belgium_Blood_CSF"""
"83,2014,""E.coli"",""Colistin"",506,0.2,1,""Belgium"",""EARS"",""Blood_CSF"",""E.coli_Colistin_Belgium_Blood_CSF"""
"84,2015,""E.coli"",""Colistin"",927,1.3,12,""Belgium"",""EARS"",""Blood_CSF"",""E.coli_Colistin_Belgium_Blood_CSF"""
"85,2016,""E.coli"",""Colistin"",1784,0.4,7,""Belgium"",""EARS"",""Blood_CSF"",""E.coli_Colistin_Belgium_Blood_CSF"""
"86,2017,""E.coli"",""Colistin"",1393,0.3,4,""Belgium"",""EARS"",""Blood_CSF"",""E.coli_Colistin_Belgium_Blood_CSF"""
"87,2018,""E.coli"",""Colistin"",2233,0.9,20,""Belgium"",""EARS"",""Blood_CSF"",""E.coli_Colistin_Belgium_Blood_CSF"""
"88,2019,""E.coli"",""Colistin"",1981,0.8,16,""Belgium"",""EARS"",""Blood_CSF"",""E.coli_Colistin_Belgium_Blood_CSF"""
"89,2020,""E.coli"",""Colistin"",1812,0.9,16,""Belgium"",""EARS"",""Blood_CSF"",""E.coli_Colistin_Belgium_Blood_CSF"""
"90,2021,""E.coli"",""Colistin"",1594,1.3,21,""Belgium"",""EARS"",""Blood_CSF"",""E.coli_Colistin_Belgium_Blood_CSF"""
"91,2017,""E.coli"",""Colistin"",17228,0.4,69,""Belgium"",""EARS"",""Urine"",""E.coli_Colistin_Belgium_Urine"""
"92,2018,""E.coli"",""Colistin"",30118,0.6,181,""Belgium"",""EARS"",""Urine"",""E.coli_Colistin_Belgium_Urine"""
"93,2019,""E.coli"",""Colistin"",27887,0.9,251,""Belgium"",""EARS"",""Urine"",""E.coli_Colistin_Belgium_Urine"""
"94,2020,""E.coli"",""Colistin"",25822,1.1,284,""Belgium"",""EARS"",""Urine"",""E.coli_Colistin_Belgium_Urine"""
"95,2021,""E.coli"",""Colistin"",32695,0.8,262,""Belgium"",""EARS"",""Urine"",""E.coli_Colistin_Belgium_Urine"""
"96,2011,""E.coli"",""3GC"",3405,5.7,194,""Belgium"",""EARS"",""Blood_CSF"",""E.coli_3GC_Belgium_Blood_CSF"""
"97,2012,""E.coli"",""3GC"",4097,6.9,283,""Belgium"",""EARS"",""Blood_CSF"",""E.coli_3GC_Belgium_Blood_CSF"""
"98,2013,""E.coli"",""3GC"",4051,8,324,""Belgium"",""EARS"",""Blood_CSF"",""E.coli_3GC_Belgium_Blood_CSF"""
"99,2014,""E.coli"",""3GC"",2800,9.7,272,""Belgium"",""EARS"",""Blood_CSF"",""E.coli_3GC_Belgium_Blood_CSF"""
"100,2015,""E.coli"",""3GC"",2908,10,291,""Belgium"",""EARS"",""Blood_CSF"",""E.coli_3GC_Belgium_Blood_CSF"""
"101,2016,""E.coli"",""3GC"",3737,10.5,392,""Belgium"",""EARS"",""Blood_CSF"",""E.coli_3GC_Belgium_Blood_CSF"""
"102,2017,""E.coli"",""3GC"",4670,9.7,453,""Belgium"",""EARS"",""Blood_CSF"",""E.coli_3GC_Belgium_Blood_CSF"""
"103,2018,""E.coli"",""3GC"",4644,9,418,""Belgium"",""EARS"",""Blood_CSF"",""E.coli_3GC_Belgium_Blood_CSF"""
"104,2019,""E.coli"",""3GC"",4230,10.1,427,""Belgium"",""EARS"",""Blood_CSF"",""E.coli_3GC_Belgium_Blood_CSF"""
"105,2020,""E.coli"",""3GC"",4632,9.8,454,""Belgium"",""EARS"",""Blood_CSF"",""E.coli_3GC_Belgium_Blood_CSF"""
"106,2021,""E.coli"",""3GC"",5220,8.2,428,""Belgium"",""EARS"",""Blood_CSF"",""E.coli_3GC_Belgium_Blood_CSF"""
"107,2017,""E.coli"",""3GC"",82636,5.8,4793,""Belgium"",""EARS"",""Urine"",""E.coli_3GC_Belgium_Urine"""
"108,2018,""E.coli"",""3GC"",104256,6.4,6672,""Belgium"",""EARS"",""Urine"",""E.coli_3GC_Belgium_Urine"""
"109,2019,""E.coli"",""3GC"",102540,6.2,6357,""Belgium"",""EARS"",""Urine"",""E.coli_3GC_Belgium_Urine"""
"110,2020,""E.coli"",""3GC"",107666,5.9,6352,""Belgium"",""EARS"",""Urine"",""E.coli_3GC_Belgium_Urine"""
"111,2021,""E.coli"",""3GC"",122260,5.6,6847,""Belgium"",""EARS"",""Urine"",""E.coli_3GC_Belgium_Urine"""
"112,2011,""E.coli"",""3GC"",65319,9.01,5883,""Neighbours"",""EARS"",""Blood_CSF"",""E.coli_3GC_Neighbours_Blood_CSF"""
"113,2012,""E.coli"",""3GC"",72086,10.43,7520,""Neighbours"",""EARS"",""Blood_CSF"",""E.coli_3GC_Neighbours_Blood_CSF"""
"114,2013,""E.coli"",""3GC"",81001,11.06,8956,""Neighbours"",""EARS"",""Blood_CSF"",""E.coli_3GC_Neighbours_Blood_CSF"""
"115,2014,""E.coli"",""3GC"",85719,11.03,9453,""Neighbours"",""EARS"",""Blood_CSF"",""E.coli_3GC_Neighbours_Blood_CSF"""
"116,2015,""E.coli"",""3GC"",91822,11.88,10908,""Neighbours"",""EARS"",""Blood_CSF"",""E.coli_3GC_Neighbours_Blood_CSF"""
"117,2016,""E.coli"",""3GC"",123944,11.8,14626,""Neighbours"",""EARS"",""Blood_CSF"",""E.coli_3GC_Neighbours_Blood_CSF"""
"118,2017,""E.coli"",""3GC"",140404,12.02,16874,""Neighbours"",""EARS"",""Blood_CSF"",""E.coli_3GC_Neighbours_Blood_CSF"""
"119,2018,""E.coli"",""3GC"",152720,13.36,20406,""Neighbours"",""EARS"",""Blood_CSF"",""E.coli_3GC_Neighbours_Blood_CSF"""
"120,2019,""E.coli"",""3GC"",157918,13.54,21377,""Neighbours"",""EARS"",""Blood_CSF"",""E.coli_3GC_Neighbours_Blood_CSF"""
"121,2020,""E.coli"",""3GC"",137465,12.69,17444,""Neighbours"",""EARS"",""Blood_CSF"",""E.coli_3GC_Neighbours_Blood_CSF"""
"122,2011,""E.coli"",""3GC"",17904,7.42,1329,""Europe"",""EARS"",""Blood_CSF"",""E.coli_3GC_Europe_Blood_CSF"""
"123,2012,""E.coli"",""3GC"",19990,8.6,1719,""Europe"",""EARS"",""Blood_CSF"",""E.coli_3GC_Europe_Blood_CSF"""
"124,2013,""E.coli"",""3GC"",22455,8.8,1977,""Europe"",""EARS"",""Blood_CSF"",""E.coli_3GC_Europe_Blood_CSF"""
"125,2014,""E.coli"",""3GC"",24087,9,2167,""Europe"",""EARS"",""Blood_CSF"",""E.coli_3GC_Europe_Blood_CSF"""
"126,2015,""E.coli"",""3GC"",27503,9.52,2617,""Europe"",""EARS"",""Blood_CSF"",""E.coli_3GC_Europe_Blood_CSF"""
"127,2016,""E.coli"",""3GC"",36171,10.27,3713,""Europe"",""EARS"",""Blood_CSF"",""E.coli_3GC_Europe_Blood_CSF"""
"128,2017,""E.coli"",""3GC"",44223,10.63,4701,""Europe"",""EARS"",""Blood_CSF"",""E.coli_3GC_Europe_Blood_CSF"""
"129,2018,""E.coli"",""3GC"",43287,10.51,4550,""Europe"",""EARS"",""Blood_CSF"",""E.coli_3GC_Europe_Blood_CSF"""
"130,2019,""E.coli"",""3GC"",44224,10.3,4557,""Europe"",""EARS"",""Blood_CSF"",""E.coli_3GC_Europe_Blood_CSF"""
"131,2020,""E.coli"",""3GC"",54299,9.57,5197,""Europe"",""EARS"",""Blood_CSF"",""E.coli_3GC_Europe_Blood_CSF"""
"132,2011,""E.coli"",""Ciprofloxacin"",3549,21.5,764,""Belgium"",""EARS"",""Blood_CSF"",""E.coli_Ciprofloxacin_Belgium_Blood_CSF"""
"133,2012,""E.coli"",""Ciprofloxacin"",3428,21.9,751,""Belgium"",""EARS"",""Blood_CSF"",""E.coli_Ciprofloxacin_Belgium_Blood_CSF"""
"134,2013,""E.coli"",""Ciprofloxacin"",3679,23.2,854,""Belgium"",""EARS"",""Blood_CSF"",""E.coli_Ciprofloxacin_Belgium_Blood_CSF"""
"135,2014,""E.coli"",""Ciprofloxacin"",2337,26.1,610,""Belgium"",""EARS"",""Blood_CSF"",""E.coli_Ciprofloxacin_Belgium_Blood_CSF"""
"136,2015,""E.coli"",""Ciprofloxacin"",2402,26.8,644,""Belgium"",""EARS"",""Blood_CSF"",""E.coli_Ciprofloxacin_Belgium_Blood_CSF"""
"137,2016,""E.coli"",""Ciprofloxacin"",3409,24.5,835,""Belgium"",""EARS"",""Blood_CSF"",""E.coli_Ciprofloxacin_Belgium_Blood_CSF"""
"138,2017,""E.coli"",""Ciprofloxacin"",3890,23.3,906,""Belgium"",""EARS"",""Blood_CSF"",""E.coli_Ciprofloxacin_Belgium_Blood_CSF"""
"139,2018,""E.coli"",""Ciprofloxacin"",3766,21.7,817,""Belgium"",""EARS"",""Blood_CSF"",""E.coli_Ciprofloxacin_Belgium_Blood_CSF"""
"140,2019,""E.coli"",""Ciprofloxacin"",3802,19,722,""Belgium"",""EARS"",""Blood_CSF"",""E.coli_Ciprofloxacin_Belgium_Blood_CSF"""
"141,2020,""E.coli"",""Ciprofloxacin"",4201,18.4,773,""Belgium"",""EARS"",""Blood_CSF"",""E.coli_Ciprofloxacin_Belgium_Blood_CSF"""
"142,2021,""E.coli"",""Ciprofloxacin"",5046,18.1,913,""Belgium"",""EARS"",""Blood_CSF"",""E.coli_Ciprofloxacin_Belgium_Blood_CSF"""
"143,2017,""E.coli"",""Ciprofloxacin"",75845,16.2,12287,""Belgium"",""EARS"",""Urine"",""E.coli_Ciprofloxacin_Belgium_Urine"""
"144,2018,""E.coli"",""Ciprofloxacin"",93123,16.7,15552,""Belgium"",""EARS"",""Urine"",""E.coli_Ciprofloxacin_Belgium_Urine"""
"145,2019,""E.coli"",""Ciprofloxacin"",97239,15.4,14975,""Belgium"",""EARS"",""Urine"",""E.coli_Ciprofloxacin_Belgium_Urine"""
"146,2020,""E.coli"",""Ciprofloxacin"",103576,14.9,15433,""Belgium"",""EARS"",""Urine"",""E.coli_Ciprofloxacin_Belgium_Urine"""
"147,2021,""E.coli"",""Ciprofloxacin"",119251,13.9,16576,""Belgium"",""EARS"",""Urine"",""E.coli_Ciprofloxacin_Belgium_Urine"""
"148,2011,""E.coli"",""Ciprofloxacin"",66853,20.57,13755,""Europe"",""EARS"",""Blood_CSF"",""E.coli_Ciprofloxacin_Europe_Blood_CSF"""
"149,2012,""E.coli"",""Ciprofloxacin"",73053,20.76,15163,""Europe"",""EARS"",""Blood_CSF"",""E.coli_Ciprofloxacin_Europe_Blood_CSF"""
"150,2013,""E.coli"",""Ciprofloxacin"",82276,20.94,17226,""Europe"",""EARS"",""Blood_CSF"",""E.coli_Ciprofloxacin_Europe_Blood_CSF"""
"151,2014,""E.coli"",""Ciprofloxacin"",84545,21.19,17919,""Europe"",""EARS"",""Blood_CSF"",""E.coli_Ciprofloxacin_Europe_Blood_CSF"""
"152,2015,""E.coli"",""Ciprofloxacin"",91832,21.45,19694,""Europe"",""EARS"",""Blood_CSF"",""E.coli_Ciprofloxacin_Europe_Blood_CSF"""
"153,2016,""E.coli"",""Ciprofloxacin"",125161,20.79,26024,""Europe"",""EARS"",""Blood_CSF"",""E.coli_Ciprofloxacin_Europe_Blood_CSF"""
"154,2017,""E.coli"",""Ciprofloxacin"",141386,21.21,29981,""Europe"",""EARS"",""Blood_CSF"",""E.coli_Ciprofloxacin_Europe_Blood_CSF"""
"155,2018,""E.coli"",""Ciprofloxacin"",154698,22.47,34763,""Europe"",""EARS"",""Blood_CSF"",""E.coli_Ciprofloxacin_Europe_Blood_CSF"""
"156,2019,""E.coli"",""Ciprofloxacin"",161718,21.3,34442,""Europe"",""EARS"",""Blood_CSF"",""E.coli_Ciprofloxacin_Europe_Blood_CSF"""
"157,2020,""E.coli"",""Ciprofloxacin"",137785,20.45,28180,""Europe"",""EARS"",""Blood_CSF"",""E.coli_Ciprofloxacin_Europe_Blood_CSF"""
"158,2017,""E.coli"",""3GC"",44766,5.1,2283,""Private lab"",""EARS"",""Urine"",""E.coli_3GC_Private lab_Urine"""
"159,2018,""E.coli"",""3GC"",56820,6,3409,""Private lab"",""EARS"",""Urine"",""E.coli_3GC_Private lab_Urine"""
"160,2019,""E.coli"",""3GC"",57176,5.6,3202,""Private lab"",""EARS"",""Urine"",""E.coli_3GC_Private lab_Urine"""
"161,2020,""E.coli"",""3GC"",56877,5.4,3071,""Private lab"",""EARS"",""Urine"",""E.coli_3GC_Private lab_Urine"""
"162,2021,""E.coli"",""3GC"",62306,4.9,3053,""Private lab"",""EARS"",""Urine"",""E.coli_3GC_Private lab_Urine"""
"163,2017,""E.coli"",""3GC"",37870,6.7,2537,""Hospital Lab"",""EARS"",""Urine"",""E.coli_3GC_Hospital Lab_Urine"""
"164,2018,""E.coli"",""3GC"",47436,6.8,3226,""Hospital Lab"",""EARS"",""Urine"",""E.coli_3GC_Hospital Lab_Urine"""
"165,2019,""E.coli"",""3GC"",45364,7,3175,""Hospital Lab"",""EARS"",""Urine"",""E.coli_3GC_Hospital Lab_Urine"""
"166,2020,""E.coli"",""3GC"",50789,6.4,3250,""Hospital Lab"",""EARS"",""Urine"",""E.coli_3GC_Hospital Lab_Urine"""
"167,2021,""E.coli"",""3GC"",59954,6.3,3777,""Hospital Lab"",""EARS"",""Urine"",""E.coli_3GC_Hospital Lab_Urine"""
"168,2017,""E.coli"",""Ciprofloxacin"",30855,18.1,5585,""Hospital Lab"",""EARS"",""Urine"",""E.coli_Ciprofloxacin_Hospital Lab_Urine"""
"169,2018,""E.coli"",""Ciprofloxacin"",36132,16.7,6034,""Hospital Lab"",""EARS"",""Urine"",""E.coli_Ciprofloxacin_Hospital Lab_Urine"""
"170,2019,""E.coli"",""Ciprofloxacin"",39945,15.9,6351,""Hospital Lab"",""EARS"",""Urine"",""E.coli_Ciprofloxacin_Hospital Lab_Urine"""
"171,2020,""E.coli"",""Ciprofloxacin"",46525,14.8,6886,""Hospital Lab"",""EARS"",""Urine"",""E.coli_Ciprofloxacin_Hospital Lab_Urine"""
"172,2021,""E.coli"",""Ciprofloxacin"",56806,14.9,8464,""Hospital Lab"",""EARS"",""Urine"",""E.coli_Ciprofloxacin_Hospital Lab_Urine"""
"173,2017,""E.coli"",""Ciprofloxacin"",44990,14.9,6704,""Private lab"",""EARS"",""Urine"",""E.coli_Ciprofloxacin_Private lab_Urine"""
"174,2018,""E.coli"",""Ciprofloxacin"",56991,16.7,9517,""Private lab"",""EARS"",""Urine"",""E.coli_Ciprofloxacin_Private lab_Urine"""
"175,2019,""E.coli"",""Ciprofloxacin"",57294,15,8594,""Private lab"",""EARS"",""Urine"",""E.coli_Ciprofloxacin_Private lab_Urine"""
"176,2020,""E.coli"",""Ciprofloxacin"",57051,15,8558,""Private lab"",""EARS"",""Urine"",""E.coli_Ciprofloxacin_Private lab_Urine"""
"177,2021,""E.coli"",""Ciprofloxacin"",62445,13.1,8180,""Private lab"",""EARS"",""Urine"",""E.coli_Ciprofloxacin_Private lab_Urine"""
"178,2017,""E.coli"",""Colistin"",9608,0.3,29,""Hospital Lab"",""EARS"",""Urine"",""E.coli_Colistin_Hospital Lab_Urine"""
"179,2018,""E.coli"",""Colistin"",20880,0.6,125,""Hospital Lab"",""EARS"",""Urine"",""E.coli_Colistin_Hospital Lab_Urine"""
"180,2019,""E.coli"",""Colistin"",22559,0.8,180,""Hospital Lab"",""EARS"",""Urine"",""E.coli_Colistin_Hospital Lab_Urine"""
"181,2020,""E.coli"",""Colistin"",20417,1,204,""Hospital Lab"",""EARS"",""Urine"",""E.coli_Colistin_Hospital Lab_Urine"""
"182,2021,""E.coli"",""Colistin"",18003,1,180,""Hospital Lab"",""EARS"",""Urine"",""E.coli_Colistin_Hospital Lab_Urine"""
"183,2017,""E.coli"",""Colistin"",7620,0.6,46,""Private lab"",""EARS"",""Urine"",""E.coli_Colistin_Private lab_Urine"""
"184,2018,""E.coli"",""Colistin"",9238,0.9,83,""Private lab"",""EARS"",""Urine"",""E.coli_Colistin_Private lab_Urine"""
"185,2019,""E.coli"",""Colistin"",5328,1,53,""Private lab"",""EARS"",""Urine"",""E.coli_Colistin_Private lab_Urine"""
"186,2020,""E.coli"",""Colistin"",5405,1.4,76,""Private lab"",""EARS"",""Urine"",""E.coli_Colistin_Private lab_Urine"""
"187,2021,""E.coli"",""Colistin"",14692,0.6,88,""Private lab"",""EARS"",""Urine"",""E.coli_Colistin_Private lab_Urine"""
"188,2014,""E.coli"",""3GC"",37196,7.6,2830,""Belgium"",""AMR"",""All samples"",""E.coli_3GC_Belgium_All samples"""
"189,2015,""E.coli"",""3GC"",62082,8.6,5353,""Belgium"",""AMR"",""All samples"",""E.coli_3GC_Belgium_All samples"""
"190,2016,""E.coli"",""3GC"",138083,4,5457,""Belgium"",""AMR"",""All samples"",""E.coli_3GC_Belgium_All samples"""
"191,2017,""E.coli"",""3GC"",62900,8,5053,""Belgium"",""AMR"",""All samples"",""E.coli_3GC_Belgium_All samples"""
"192,2018,""E.coli"",""3GC"",96189,10.1,9719,""Belgium"",""AMR"",""All samples"",""E.coli_3GC_Belgium_All samples"""
"193,2019,""E.coli"",""3GC"",86832,9.9,8566,""Belgium"",""AMR"",""All samples"",""E.coli_3GC_Belgium_All samples"""
"194,2020,""E.coli"",""3GC"",87152,9.2,8025,""Belgium"",""AMR"",""All samples"",""E.coli_3GC_Belgium_All samples"""
"195,2021,""E.coli"",""3GC"",91915,7.8,7210,""Belgium"",""AMR"",""All samples"",""E.coli_3GC_Belgium_All samples"""
"196,2015,""E.coli"",""Carbapenem"",86268,0.05,44,""Belgium"",""AMR"",""All samples"",""E.coli_Carbapenem_Belgium_All samples"""
"197,2016,""E.coli"",""Carbapenem"",177510,0.05,82,""Belgium"",""AMR"",""All samples"",""E.coli_Carbapenem_Belgium_All samples"""
"198,2017,""E.coli"",""Carbapenem"",89036,0.13,113,""Belgium"",""AMR"",""All samples"",""E.coli_Carbapenem_Belgium_All samples"""
"199,2018,""E.coli"",""Carbapenem"",97429,0.12,115,""Belgium"",""AMR"",""All samples"",""E.coli_Carbapenem_Belgium_All samples"""
"200,2019,""E.coli"",""Carbapenem"",86832,0.13,114,""Belgium"",""AMR"",""All samples"",""E.coli_Carbapenem_Belgium_All samples"""
"201,2020,""E.coli"",""Carbapenem"",86816,0.1,87,""Belgium"",""AMR"",""All samples"",""E.coli_Carbapenem_Belgium_All samples"""
"202,2021,""E.coli"",""Carbapenem"",91915,0.06,51,""Belgium"",""AMR"",""All samples"",""E.coli_Carbapenem_Belgium_All samples"""
"203,2014,""E. faecalis"",""vancomycin"",9222,0.13,12,""Belgium"",""AMR"",NA,""E. faecalis_vancomycin_Belgium_NA"""
"204,2015,""E. faecalis"",""vancomycin"",15498,0.17,26,""Belgium"",""AMR"",NA,""E. faecalis_vancomycin_Belgium_NA"""
"205,2016,""E. faecalis"",""vancomycin"",20815,0.09,19,""Belgium"",""AMR"",NA,""E. faecalis_vancomycin_Belgium_NA"""
"206,2017,""E. faecalis"",""vancomycin"",22769,0.04,9,""Belgium"",""AMR"",NA,""E. faecalis_vancomycin_Belgium_NA"""
"207,2018,""E. faecalis"",""vancomycin"",25241,0.08,20,""Belgium"",""AMR"",NA,""E. faecalis_vancomycin_Belgium_NA"""
"208,2019,""E. faecalis"",""vancomycin"",24384,0.05,12,""Belgium"",""AMR"",NA,""E. faecalis_vancomycin_Belgium_NA"""
"209,2020,""E. faecalis"",""vancomycin"",22900,0.08,18,""Belgium"",""AMR"",NA,""E. faecalis_vancomycin_Belgium_NA"""
"210,2021,""E. faecalis"",""vancomycin"",25731,0.05,13,""Belgium"",""AMR"",NA,""E. faecalis_vancomycin_Belgium_NA"""
"211,2011,""E. faecium"",""vancomycin"",186,7,13,""Belgium"",""EARS"",""Blood_CSF"",""E. faecium_vancomycin_Belgium_Blood_CSF"""
"212,2012,""E. faecium"",""vancomycin"",215,1.4,3,""Belgium"",""EARS"",""Blood_CSF"",""E. faecium_vancomycin_Belgium_Blood_CSF"""
"213,2013,""E. faecium"",""vancomycin"",235,1.7,4,""Belgium"",""EARS"",""Blood_CSF"",""E. faecium_vancomycin_Belgium_Blood_CSF"""
"214,2014,""E. faecium"",""vancomycin"",195,3.1,6,""Belgium"",""EARS"",""Blood_CSF"",""E. faecium_vancomycin_Belgium_Blood_CSF"""
"215,2015,""E. faecium"",""vancomycin"",189,1.1,2,""Belgium"",""EARS"",""Blood_CSF"",""E. faecium_vancomycin_Belgium_Blood_CSF"""
"216,2016,""E. faecium"",""vancomycin"",289,1.7,5,""Belgium"",""EARS"",""Blood_CSF"",""E. faecium_vancomycin_Belgium_Blood_CSF"""
"217,2017,""E. faecium"",""vancomycin"",417,5.5,23,""Belgium"",""EARS"",""Blood_CSF"",""E. faecium_vancomycin_Belgium_Blood_CSF"""
"218,2018,""E. faecium"",""vancomycin"",436,1.8,8,""Belgium"",""EARS"",""Blood_CSF"",""E. faecium_vancomycin_Belgium_Blood_CSF"""
"219,2019,""E. faecium"",""vancomycin"",358,0.8,3,""Belgium"",""EARS"",""Blood_CSF"",""E. faecium_vancomycin_Belgium_Blood_CSF"""
"220,2020,""E. faecium"",""vancomycin"",533,3.6,19,""Belgium"",""EARS"",""Blood_CSF"",""E. faecium_vancomycin_Belgium_Blood_CSF"""
"221,2021,""E. faecium"",""vancomycin"",502,2.8,14,""Belgium"",""EARS"",""Blood_CSF"",""E. faecium_vancomycin_Belgium_Blood_CSF"""
"222,2016,""E. faecium"",""vancomycin"",1073,1.5,16,""Belgium"",""EARS"",""Urine"",""E. faecium_vancomycin_Belgium_Urine"""
"223,2017,""E. faecium"",""vancomycin"",1492,1.6,24,""Belgium"",""EARS"",""Urine"",""E. faecium_vancomycin_Belgium_Urine"""
"224,2018,""E. faecium"",""vancomycin"",1591,2.5,40,""Belgium"",""EARS"",""Urine"",""E. faecium_vancomycin_Belgium_Urine"""
"225,2019,""E. faecium"",""vancomycin"",2095,1.7,36,""Belgium"",""EARS"",""Urine"",""E. faecium_vancomycin_Belgium_Urine"""
"226,2020,""E. faecium"",""vancomycin"",2614,1,26,""Belgium"",""EARS"",""Urine"",""E. faecium_vancomycin_Belgium_Urine"""
"227,2021,""E. faecium"",""vancomycin"",571,2.6,15,""Belgium"",""EARS"",""Urine"",""E. faecium_vancomycin_Belgium_Urine"""
"228,2011,""E. faecium"",""vancomycin"",1703,4.52,77,""Neighbours"",""EARS"",""Blood_CSF"",""E. faecium_vancomycin_Neighbours_Blood_CSF"""
"229,2012,""E. faecium"",""vancomycin"",1980,5.81,115,""Neighbours"",""EARS"",""Blood_CSF"",""E. faecium_vancomycin_Neighbours_Blood_CSF"""
"230,2013,""E. faecium"",""vancomycin"",2370,5.91,140,""Neighbours"",""EARS"",""Blood_CSF"",""E. faecium_vancomycin_Neighbours_Blood_CSF"""
"231,2014,""E. faecium"",""vancomycin"",2416,3.97,96,""Neighbours"",""EARS"",""Blood_CSF"",""E. faecium_vancomycin_Neighbours_Blood_CSF"""
"232,2015,""E. faecium"",""vancomycin"",2975,5.48,163,""Neighbours"",""EARS"",""Blood_CSF"",""E. faecium_vancomycin_Neighbours_Blood_CSF"""
"233,2016,""E. faecium"",""vancomycin"",3748,6.86,257,""Neighbours"",""EARS"",""Blood_CSF"",""E. faecium_vancomycin_Neighbours_Blood_CSF"""
"234,2017,""E. faecium"",""vancomycin"",4543,10.02,455,""Neighbours"",""EARS"",""Blood_CSF"",""E. faecium_vancomycin_Neighbours_Blood_CSF"""
"235,2018,""E. faecium"",""vancomycin"",4479,13.44,602,""Neighbours"",""EARS"",""Blood_CSF"",""E. faecium_vancomycin_Neighbours_Blood_CSF"""
"236,2019,""E. faecium"",""vancomycin"",4682,16.02,750,""Neighbours"",""EARS"",""Blood_CSF"",""E. faecium_vancomycin_Neighbours_Blood_CSF"""
"237,2020,""E. faecium"",""vancomycin"",6507,13.22,860,""Neighbours"",""EARS"",""Blood_CSF"",""E. faecium_vancomycin_Neighbours_Blood_CSF"""
"238,2011,""E. faecium"",""vancomycin"",6654,7.06,470,""Europe"",""EARS"",""Blood_CSF"",""E. faecium_vancomycin_Europe_Blood_CSF"""
"239,2012,""E. faecium"",""vancomycin"",7418,7.93,588,""Europe"",""EARS"",""Blood_CSF"",""E. faecium_vancomycin_Europe_Blood_CSF"""
"240,2013,""E. faecium"",""vancomycin"",8631,8.64,746,""Europe"",""EARS"",""Blood_CSF"",""E. faecium_vancomycin_Europe_Blood_CSF"""
"241,2014,""E. faecium"",""vancomycin"",8558,8.82,755,""Europe"",""EARS"",""Blood_CSF"",""E. faecium_vancomycin_Europe_Blood_CSF"""
"242,2015,""E. faecium"",""vancomycin"",9342,9.47,885,""Europe"",""EARS"",""Blood_CSF"",""E. faecium_vancomycin_Europe_Blood_CSF"""
"243,2016,""E. faecium"",""vancomycin"",12511,11.47,1435,""Europe"",""EARS"",""Blood_CSF"",""E. faecium_vancomycin_Europe_Blood_CSF"""
"244,2017,""E. faecium"",""vancomycin"",14178,14.23,2017,""Europe"",""EARS"",""Blood_CSF"",""E. faecium_vancomycin_Europe_Blood_CSF"""
"245,2018,""E. faecium"",""vancomycin"",15992,16.76,2680,""Europe"",""EARS"",""Blood_CSF"",""E. faecium_vancomycin_Europe_Blood_CSF"""
"246,2019,""E. faecium"",""vancomycin"",16549,17.23,2852,""Europe"",""EARS"",""Blood_CSF"",""E. faecium_vancomycin_Europe_Blood_CSF"""
"247,2020,""E. faecium"",""vancomycin"",18151,16.63,3019,""Europe"",""EARS"",""Blood_CSF"",""E. faecium_vancomycin_Europe_Blood_CSF"""
"248,2014,""E. faecium"",""vancomycin"",2226,4.22,94,""Belgium"",""AMR"",""All sample types"",""E. faecium_vancomycin_Belgium_All sample types"""
"249,2015,""E. faecium"",""vancomycin"",3779,3.49,132,""Belgium"",""AMR"",""All sample types"",""E. faecium_vancomycin_Belgium_All sample types"""
"250,2016,""E. faecium"",""vancomycin"",6194,3.57,221,""Belgium"",""AMR"",""All sample types"",""E. faecium_vancomycin_Belgium_All sample types"""
"251,2017,""E. faecium"",""vancomycin"",6915,1.72,119,""Belgium"",""AMR"",""All sample types"",""E. faecium_vancomycin_Belgium_All sample types"""
"252,2018,""E. faecium"",""vancomycin"",8102,2.32,188,""Belgium"",""AMR"",""All sample types"",""E. faecium_vancomycin_Belgium_All sample types"""
"253,2019,""E. faecium"",""vancomycin"",8335,2,167,""Belgium"",""AMR"",""All sample types"",""E. faecium_vancomycin_Belgium_All sample types"""
"254,2020,""E. faecium"",""vancomycin"",8167,1.7,139,""Belgium"",""AMR"",""All sample types"",""E. faecium_vancomycin_Belgium_All sample types"""
"255,2021,""E. faecium"",""vancomycin"",8829,1.25,110,""Belgium"",""AMR"",""All sample types"",""E. faecium_vancomycin_Belgium_All sample types"""
"256,2011,""H. influenzae"",""Ampicillin"",82,20.73170732,17,""Belgium"",""NRC"",""NRC_samples"",""H. influenzae_Ampicillin_Belgium_NRC_samples"""
"257,2012,""H. influenzae"",""Ampicillin"",87,18.3908046,16,""Belgium"",""NRC"",""NRC_samples"",""H. influenzae_Ampicillin_Belgium_NRC_samples"""
"258,2013,""H. influenzae"",""Ampicillin"",86,20.93023256,18,""Belgium"",""NRC"",""NRC_samples"",""H. influenzae_Ampicillin_Belgium_NRC_samples"""
"259,2014,""H. influenzae"",""Ampicillin"",94,27.65957447,26,""Belgium"",""NRC"",""NRC_samples"",""H. influenzae_Ampicillin_Belgium_NRC_samples"""
"260,2015,""H. influenzae"",""Ampicillin"",98,16.32653061,16,""Belgium"",""NRC"",""NRC_samples"",""H. influenzae_Ampicillin_Belgium_NRC_samples"""
"261,2016,""H. influenzae"",""Ampicillin"",92,27.17391304,25,""Belgium"",""NRC"",""NRC_samples"",""H. influenzae_Ampicillin_Belgium_NRC_samples"""
"262,2017,""H. influenzae"",""Ampicillin"",98,13.26530612,13,""Belgium"",""NRC"",""NRC_samples"",""H. influenzae_Ampicillin_Belgium_NRC_samples"""
"263,2018,""H. influenzae"",""Ampicillin"",129,18.60465116,24,""Belgium"",""NRC"",""NRC_samples"",""H. influenzae_Ampicillin_Belgium_NRC_samples"""
"264,2019,""H. influenzae"",""Ampicillin"",155,22.58064516,35,""Belgium"",""NRC"",""NRC_samples"",""H. influenzae_Ampicillin_Belgium_NRC_samples"""
"265,2020,""H. influenzae"",""Ampicillin"",81,24.69135802,20,""Belgium"",""NRC"",""NRC_samples"",""H. influenzae_Ampicillin_Belgium_NRC_samples"""
"266,2021,""H. influenzae"",""Ampicillin"",84,20.23809524,17,""Belgium"",""NRC"",""NRC_samples"",""H. influenzae_Ampicillin_Belgium_NRC_samples"""
"267,2022,""H. influenzae"",""Ampicillin"",146,13.7,20,""Belgium"",""NRC"",""NRC_samples"",""H. influenzae_Ampicillin_Belgium_NRC_samples"""
"268,2016,""H. pylori"",""Clarithomycin"",723,20.7,150,""Belgium"",""NRC"",""NRC_samples"",""H. pylori_Clarithomycin_Belgium_NRC_samples"""
"269,2017,""H. pylori"",""Clarithomycin"",674,20.5,138,""Belgium"",""NRC"",""NRC_samples"",""H. pylori_Clarithomycin_Belgium_NRC_samples"""
"270,2018,""H. pylori"",""Clarithomycin"",670,23.1,155,""Belgium"",""NRC"",""NRC_samples"",""H. pylori_Clarithomycin_Belgium_NRC_samples"""
"271,2019,""H. pylori"",""Clarithomycin"",855,19.9,170,""Belgium"",""NRC"",""NRC_samples"",""H. pylori_Clarithomycin_Belgium_NRC_samples"""
"272,2020,""H. pylori"",""Clarithomycin"",919,19.8,182,""Belgium"",""NRC"",""NRC_samples"",""H. pylori_Clarithomycin_Belgium_NRC_samples"""
"273,2021,""H. pylori"",""Clarithomycin"",1301,21.5,280,""Belgium"",""NRC"",""NRC_samples"",""H. pylori_Clarithomycin_Belgium_NRC_samples"""
"274,2022,""H. pylori"",""Clarithomycin"",1541,20.8,321,""Belgium"",""NRC"",""NRC_samples"",""H. pylori_Clarithomycin_Belgium_NRC_samples"""
"275,2011,""K.pneumoniae"",""Carbapenem"",534,0.4,2,""Belgium"",""EARS"",""Blood_CSF"",""K.pneumoniae_Carbapenem_Belgium_Blood_CSF"""
"276,2012,""K.pneumoniae"",""Carbapenem"",545,0.7,4,""Belgium"",""EARS"",""Blood_CSF"",""K.pneumoniae_Carbapenem_Belgium_Blood_CSF"""
"277,2013,""K.pneumoniae"",""Carbapenem"",618,0.3,2,""Belgium"",""EARS"",""Blood_CSF"",""K.pneumoniae_Carbapenem_Belgium_Blood_CSF"""
"278,2014,""K.pneumoniae"",""Carbapenem"",429,0.5,2,""Belgium"",""EARS"",""Blood_CSF"",""K.pneumoniae_Carbapenem_Belgium_Blood_CSF"""
"279,2015,""K.pneumoniae"",""Carbapenem"",432,0.5,2,""Belgium"",""EARS"",""Blood_CSF"",""K.pneumoniae_Carbapenem_Belgium_Blood_CSF"""
"280,2016,""K.pneumoniae"",""Carbapenem"",669,2.4,16,""Belgium"",""EARS"",""Blood_CSF"",""K.pneumoniae_Carbapenem_Belgium_Blood_CSF"""
"281,2017,""K.pneumoniae"",""Carbapenem"",790,1.1,9,""Belgium"",""EARS"",""Blood_CSF"",""K.pneumoniae_Carbapenem_Belgium_Blood_CSF"""
"282,2018,""K.pneumoniae"",""Carbapenem"",935,1.4,13,""Belgium"",""EARS"",""Blood_CSF"",""K.pneumoniae_Carbapenem_Belgium_Blood_CSF"""
"283,2019,""K.pneumoniae"",""Carbapenem"",822,1.2,10,""Belgium"",""EARS"",""Blood_CSF"",""K.pneumoniae_Carbapenem_Belgium_Blood_CSF"""
"284,2020,""K.pneumoniae"",""Carbapenem"",957,1.4,13,""Belgium"",""EARS"",""Blood_CSF"",""K.pneumoniae_Carbapenem_Belgium_Blood_CSF"""
"285,2021,""K.pneumoniae"",""Carbapenem"",1016,1.4,14,""Belgium"",""EARS"",""Blood_CSF"",""K.pneumoniae_Carbapenem_Belgium_Blood_CSF"""
"286,2016,""K.pneumoniae"",""Carbapenem"",9531,0.4,38,""Belgium"",""EARS"",""Urine"",""K.pneumoniae_Carbapenem_Belgium_Urine"""
"287,2017,""K.pneumoniae"",""Carbapenem"",13631,0.3,41,""Belgium"",""EARS"",""Urine"",""K.pneumoniae_Carbapenem_Belgium_Urine"""
"288,2018,""K.pneumoniae"",""Carbapenem"",14089,0.3,42,""Belgium"",""EARS"",""Urine"",""K.pneumoniae_Carbapenem_Belgium_Urine"""
"289,2019,""K.pneumoniae"",""Carbapenem"",14345,0.2,29,""Belgium"",""EARS"",""Urine"",""K.pneumoniae_Carbapenem_Belgium_Urine"""
"290,2020,""K.pneumoniae"",""Carbapenem"",17521,0.3,53,""Belgium"",""EARS"",""Urine"",""K.pneumoniae_Carbapenem_Belgium_Urine"""
"291,2021,""K.pneumoniae"",""Carbapenem"",1016,1.4,14,""Belgium"",""EARS"",""Urine"",""K.pneumoniae_Carbapenem_Belgium_Urine"""
"292,2011,""K.pneumoniae"",""Carbapenem"",3069,0.13,4,""Neighbours"",""EARS"",""Blood_CSF"",""K.pneumoniae_Carbapenem_Neighbours_Blood_CSF"""
"293,2012,""K.pneumoniae"",""Carbapenem"",3282,0.27,9,""Neighbours"",""EARS"",""Blood_CSF"",""K.pneumoniae_Carbapenem_Neighbours_Blood_CSF"""
"294,2013,""K.pneumoniae"",""Carbapenem"",3713,0.54,20,""Neighbours"",""EARS"",""Blood_CSF"",""K.pneumoniae_Carbapenem_Neighbours_Blood_CSF"""
"295,2014,""K.pneumoniae"",""Carbapenem"",4298,0.49,21,""Neighbours"",""EARS"",""Blood_CSF"",""K.pneumoniae_Carbapenem_Neighbours_Blood_CSF"""
"296,2015,""K.pneumoniae"",""Carbapenem"",5084,0.3,15,""Neighbours"",""EARS"",""Blood_CSF"",""K.pneumoniae_Carbapenem_Neighbours_Blood_CSF"""
"297,2016,""K.pneumoniae"",""Carbapenem"",6991,0.37,26,""Neighbours"",""EARS"",""Blood_CSF"",""K.pneumoniae_Carbapenem_Neighbours_Blood_CSF"""
"298,2017,""K.pneumoniae"",""Carbapenem"",8093,0.53,43,""Neighbours"",""EARS"",""Blood_CSF"",""K.pneumoniae_Carbapenem_Neighbours_Blood_CSF"""
"299,2018,""K.pneumoniae"",""Carbapenem"",8571,0.46,39,""Neighbours"",""EARS"",""Blood_CSF"",""K.pneumoniae_Carbapenem_Neighbours_Blood_CSF"""
"300,2019,""K.pneumoniae"",""Carbapenem"",9257,0.84,78,""Neighbours"",""EARS"",""Blood_CSF"",""K.pneumoniae_Carbapenem_Neighbours_Blood_CSF"""
"301,2020,""K.pneumoniae"",""Carbapenem"",12041,0.45,54,""Neighbours"",""EARS"",""Blood_CSF"",""K.pneumoniae_Carbapenem_Neighbours_Blood_CSF"""
"302,2011,""K.pneumoniae"",""Carbapenem"",15169,8.72,1323,""Europe"",""EARS"",""Blood_CSF"",""K.pneumoniae_Carbapenem_Europe_Blood_CSF"""
"303,2012,""K.pneumoniae"",""Carbapenem"",16548,7.49,1240,""Europe"",""EARS"",""Blood_CSF"",""K.pneumoniae_Carbapenem_Europe_Blood_CSF"""
"304,2013,""K.pneumoniae"",""Carbapenem"",18311,7.49,1371,""Europe"",""EARS"",""Blood_CSF"",""K.pneumoniae_Carbapenem_Europe_Blood_CSF"""
"305,2014,""K.pneumoniae"",""Carbapenem"",19809,6.82,1351,""Europe"",""EARS"",""Blood_CSF"",""K.pneumoniae_Carbapenem_Europe_Blood_CSF"""
"306,2015,""K.pneumoniae"",""Carbapenem"",22065,7.45,1643,""Europe"",""EARS"",""Blood_CSF"",""K.pneumoniae_Carbapenem_Europe_Blood_CSF"""
"307,2016,""K.pneumoniae"",""Carbapenem"",30314,6.48,1965,""Europe"",""EARS"",""Blood_CSF"",""K.pneumoniae_Carbapenem_Europe_Blood_CSF"""
"308,2017,""K.pneumoniae"",""Carbapenem"",32861,6.89,2263,""Europe"",""EARS"",""Blood_CSF"",""K.pneumoniae_Carbapenem_Europe_Blood_CSF"""
"309,2018,""K.pneumoniae"",""Carbapenem"",38141,8.68,3310,""Europe"",""EARS"",""Blood_CSF"",""K.pneumoniae_Carbapenem_Europe_Blood_CSF"""
"310,2019,""K.pneumoniae"",""Carbapenem"",40714,7.97,3246,""Europe"",""EARS"",""Blood_CSF"",""K.pneumoniae_Carbapenem_Europe_Blood_CSF"""
"311,2020,""K.pneumoniae"",""Carbapenem"",39068,10.2,3986,""Europe"",""EARS"",""Blood_CSF"",""K.pneumoniae_Carbapenem_Europe_Blood_CSF"""
"312,2011,""K.pneumoniae"",""AG, FQ And 3GC"",435,5.5,24,""Belgium"",""EARS"",""Blood_CSF"",""K.pneumoniae_AG, FQ And 3GC_Belgium_Blood_CSF"""
"313,2012,""K.pneumoniae"",""AG, FQ And 3GC"",411,8.5,35,""Belgium"",""EARS"",""Blood_CSF"",""K.pneumoniae_AG, FQ And 3GC_Belgium_Blood_CSF"""
"314,2013,""K.pneumoniae"",""AG, FQ And 3GC"",464,8.2,38,""Belgium"",""EARS"",""Blood_CSF"",""K.pneumoniae_AG, FQ And 3GC_Belgium_Blood_CSF"""
"315,2014,""K.pneumoniae"",""AG, FQ And 3GC"",341,7.9,27,""Belgium"",""EARS"",""Blood_CSF"",""K.pneumoniae_AG, FQ And 3GC_Belgium_Blood_CSF"""
"316,2015,""K.pneumoniae"",""AG, FQ And 3GC"",396,8.6,34,""Belgium"",""EARS"",""Blood_CSF"",""K.pneumoniae_AG, FQ And 3GC_Belgium_Blood_CSF"""
"317,2016,""K.pneumoniae"",""AG, FQ And 3GC"",637,9.3,59,""Belgium"",""EARS"",""Blood_CSF"",""K.pneumoniae_AG, FQ And 3GC_Belgium_Blood_CSF"""
"318,2017,""K.pneumoniae"",""AG, FQ And 3GC"",632,8.5,54,""Belgium"",""EARS"",""Blood_CSF"",""K.pneumoniae_AG, FQ And 3GC_Belgium_Blood_CSF"""
"319,2018,""K.pneumoniae"",""AG, FQ And 3GC"",742,9.8,73,""Belgium"",""EARS"",""Blood_CSF"",""K.pneumoniae_AG, FQ And 3GC_Belgium_Blood_CSF"""
"320,2019,""K.pneumoniae"",""AG, FQ And 3GC"",806,9.2,74,""Belgium"",""EARS"",""Blood_CSF"",""K.pneumoniae_AG, FQ And 3GC_Belgium_Blood_CSF"""
"321,2020,""K.pneumoniae"",""AG, FQ And 3GC"",973,10.4,101,""Belgium"",""EARS"",""Blood_CSF"",""K.pneumoniae_AG, FQ And 3GC_Belgium_Blood_CSF"""
"322,2021,""K.pneumoniae"",""AG, FQ And 3GC"",931,7.6,71,""Belgium"",""EARS"",""Blood_CSF"",""K.pneumoniae_AG, FQ And 3GC_Belgium_Blood_CSF"""
"323,2016,""K.pneumoniae"",""AG, FQ And 3GC"",8332,5.2,433,""Belgium"",""EARS"",""Urine"",""K.pneumoniae_AG, FQ And 3GC_Belgium_Urine"""
"324,2017,""K.pneumoniae"",""AG, FQ And 3GC"",12091,5.2,629,""Belgium"",""EARS"",""Urine"",""K.pneumoniae_AG, FQ And 3GC_Belgium_Urine"""
"325,2018,""K.pneumoniae"",""AG, FQ And 3GC"",13948,5.1,711,""Belgium"",""EARS"",""Urine"",""K.pneumoniae_AG, FQ And 3GC_Belgium_Urine"""
"326,2019,""K.pneumoniae"",""AG, FQ And 3GC"",13824,4.2,581,""Belgium"",""EARS"",""Urine"",""K.pneumoniae_AG, FQ And 3GC_Belgium_Urine"""
"327,2020,""K.pneumoniae"",""AG, FQ And 3GC"",16402,4.1,672,""Belgium"",""EARS"",""Urine"",""K.pneumoniae_AG, FQ And 3GC_Belgium_Urine"""
"328,2021,""K.pneumoniae"",""AG, FQ And 3GC"",931,7.6,71,""Belgium"",""EARS"",""Urine"",""K.pneumoniae_AG, FQ And 3GC_Belgium_Urine"""
"329,2011,""K.pneumoniae"",""AG, FQ And 3GC"",3080,12.4,382,""Neighbours"",""EARS"",""Blood_CSF"",""K.pneumoniae_AG, FQ And 3GC_Neighbours_Blood_CSF"""
"330,2012,""K.pneumoniae"",""AG, FQ And 3GC"",2756,10.45,288,""Neighbours"",""EARS"",""Blood_CSF"",""K.pneumoniae_AG, FQ And 3GC_Neighbours_Blood_CSF"""
"331,2013,""K.pneumoniae"",""AG, FQ And 3GC"",3779,14.02,530,""Neighbours"",""EARS"",""Blood_CSF"",""K.pneumoniae_AG, FQ And 3GC_Neighbours_Blood_CSF"""
"332,2014,""K.pneumoniae"",""AG, FQ And 3GC"",4340,13.89,603,""Neighbours"",""EARS"",""Blood_CSF"",""K.pneumoniae_AG, FQ And 3GC_Neighbours_Blood_CSF"""
"333,2015,""K.pneumoniae"",""AG, FQ And 3GC"",5160,12.07,623,""Neighbours"",""EARS"",""Blood_CSF"",""K.pneumoniae_AG, FQ And 3GC_Neighbours_Blood_CSF"""
"334,2016,""K.pneumoniae"",""AG, FQ And 3GC"",6992,11.13,778,""Neighbours"",""EARS"",""Blood_CSF"",""K.pneumoniae_AG, FQ And 3GC_Neighbours_Blood_CSF"""
"335,2017,""K.pneumoniae"",""AG, FQ And 3GC"",8046,10.81,870,""Neighbours"",""EARS"",""Blood_CSF"",""K.pneumoniae_AG, FQ And 3GC_Neighbours_Blood_CSF"""
"336,2018,""K.pneumoniae"",""AG, FQ And 3GC"",8471,10.61,899,""Neighbours"",""EARS"",""Blood_CSF"",""K.pneumoniae_AG, FQ And 3GC_Neighbours_Blood_CSF"""
"337,2019,""K.pneumoniae"",""AG, FQ And 3GC"",9188,9.61,883,""Neighbours"",""EARS"",""Blood_CSF"",""K.pneumoniae_AG, FQ And 3GC_Neighbours_Blood_CSF"""
"338,2020,""K.pneumoniae"",""AG, FQ And 3GC"",11718,8.99,1054,""Neighbours"",""EARS"",""Blood_CSF"",""K.pneumoniae_AG, FQ And 3GC_Neighbours_Blood_CSF"""
"339,2011,""K.pneumoniae"",""AG, FQ And 3GC"",15241,21.47,3273,""Europe"",""EARS"",""Blood_CSF"",""K.pneumoniae_AG, FQ And 3GC_Europe_Blood_CSF"""
"340,2012,""K.pneumoniae"",""AG, FQ And 3GC"",15895,20.98,3334,""Europe"",""EARS"",""Blood_CSF"",""K.pneumoniae_AG, FQ And 3GC_Europe_Blood_CSF"""
"341,2013,""K.pneumoniae"",""AG, FQ And 3GC"",18136,19.86,3601,""Europe"",""EARS"",""Blood_CSF"",""K.pneumoniae_AG, FQ And 3GC_Europe_Blood_CSF"""
"342,2014,""K.pneumoniae"",""AG, FQ And 3GC"",19451,20.71,4029,""Europe"",""EARS"",""Blood_CSF"",""K.pneumoniae_AG, FQ And 3GC_Europe_Blood_CSF"""
"343,2015,""K.pneumoniae"",""AG, FQ And 3GC"",22220,20.26,4502,""Europe"",""EARS"",""Blood_CSF"",""K.pneumoniae_AG, FQ And 3GC_Europe_Blood_CSF"""
"344,2016,""K.pneumoniae"",""AG, FQ And 3GC"",29589,18.34,5426,""Europe"",""EARS"",""Blood_CSF"",""K.pneumoniae_AG, FQ And 3GC_Europe_Blood_CSF"""
"345,2017,""K.pneumoniae"",""AG, FQ And 3GC"",31514,17.97,5664,""Europe"",""EARS"",""Blood_CSF"",""K.pneumoniae_AG, FQ And 3GC_Europe_Blood_CSF"""
"346,2018,""K.pneumoniae"",""AG, FQ And 3GC"",37402,18.53,6930,""Europe"",""EARS"",""Blood_CSF"",""K.pneumoniae_AG, FQ And 3GC_Europe_Blood_CSF"""
"347,2019,""K.pneumoniae"",""AG, FQ And 3GC"",40270,17.83,7179,""Europe"",""EARS"",""Blood_CSF"",""K.pneumoniae_AG, FQ And 3GC_Europe_Blood_CSF"""
"348,2020,""K.pneumoniae"",""AG, FQ And 3GC"",38094,18.71,7127,""Europe"",""EARS"",""Blood_CSF"",""K.pneumoniae_AG, FQ And 3GC_Europe_Blood_CSF"""
"349,2015,""K.pneumoniae"",""Carbapenem"",15565,1.89,294,""Belgium"",""AMR"",""All samples"",""K.pneumoniae_Carbapenem_Belgium_All samples"""
"350,2016,""K.pneumoniae"",""Carbapenem"",18838,1.67,314,""Belgium"",""AMR"",""All samples"",""K.pneumoniae_Carbapenem_Belgium_All samples"""
"351,2017,""K.pneumoniae"",""Carbapenem"",19330,2.04,395,""Belgium"",""AMR"",""All samples"",""K.pneumoniae_Carbapenem_Belgium_All samples"""
"352,2018,""K.pneumoniae"",""Carbapenem"",21772,2.18,474,""Belgium"",""AMR"",""All samples"",""K.pneumoniae_Carbapenem_Belgium_All samples"""
"353,2019,""K.pneumoniae"",""Carbapenem"",20037,2.12,424,""Belgium"",""AMR"",""All samples"",""K.pneumoniae_Carbapenem_Belgium_All samples"""
"354,2020,""K.pneumoniae"",""Carbapenem"",19338,1.77,342,""Belgium"",""AMR"",""All samples"",""K.pneumoniae_Carbapenem_Belgium_All samples"""
"355,2021,""K.pneumoniae"",""Carbapenem"",21219,1.13,240,""Belgium"",""AMR"",""All samples"",""K.pneumoniae_Carbapenem_Belgium_All samples"""
"356,2014,""K.pneumoniae"",""3GC"",6031,16.9,1022,""Belgium"",""AMR"",""All samples"",""K.pneumoniae_3GC_Belgium_All samples"""
"357,2015,""K.pneumoniae"",""3GC"",11119,20.8,2316,""Belgium"",""AMR"",""All samples"",""K.pneumoniae_3GC_Belgium_All samples"""
"358,2016,""K.pneumoniae"",""3GC"",11347,20.2,2289,""Belgium"",""AMR"",""All samples"",""K.pneumoniae_3GC_Belgium_All samples"""
"359,2017,""K.pneumoniae"",""3GC"",12470,18.1,2253,""Belgium"",""AMR"",""All samples"",""K.pneumoniae_3GC_Belgium_All samples"""
"360,2018,""K.pneumoniae"",""3GC"",21559,24.1,5192,""Belgium"",""AMR"",""All samples"",""K.pneumoniae_3GC_Belgium_All samples"""
"361,2019,""K.pneumoniae"",""3GC"",20037,22.7,4557,""Belgium"",""AMR"",""All samples"",""K.pneumoniae_3GC_Belgium_All samples"""
"362,2020,""K.pneumoniae"",""3GC"",19245,21.2,4089,""Belgium"",""AMR"",""All samples"",""K.pneumoniae_3GC_Belgium_All samples"""
"363,2021,""K.pneumoniae"",""3GC"",21219,18.3,3880,""Belgium"",""AMR"",""All samples"",""K.pneumoniae_3GC_Belgium_All samples"""
"364,2016,""M. genitalium"",""Macrolide"",12,83.33,10,""Belgium"",""NRC"",""NRC_samples"",""M. genitalium_Macrolide_Belgium_NRC_samples"""
"365,2017,""M. genitalium"",""Macrolide"",37,56.76,21,""Belgium"",""NRC"",""NRC_samples"",""M. genitalium_Macrolide_Belgium_NRC_samples"""
"366,2018,""M. genitalium"",""Macrolide"",56,53.57,30,""Belgium"",""NRC"",""NRC_samples"",""M. genitalium_Macrolide_Belgium_NRC_samples"""
"367,2020,""M. genitalium"",""Macrolide"",46,78.6,36,""Belgium"",""NRC"",""NRC_samples"",""M. genitalium_Macrolide_Belgium_NRC_samples"""
"368,2021,""M. genitalium"",""Macrolide"",43,83.7,36,""Belgium"",""NRC"",""NRC_samples"",""M. genitalium_Macrolide_Belgium_NRC_samples"""
"369,2022,""M. genitalium"",""Macrolide"",34,76.5,26,""Belgium"",""NRC"",""NRC_samples"",""M. genitalium_Macrolide_Belgium_NRC_samples"""
"370,2022,""M. genitalium"",""Macrolide"",232,55.2,128,""Belgium"",""Study"",NA,""M. genitalium_Macrolide_Belgium_NA"""
"371,2016,""M. genitalium"",""Macrolide and Fluoroquinolone"",12,8.33,1,""Belgium"",""NRC"",""NRC_samples"",""M. genitalium_Macrolide and Fluoroquinolone_Belgium_NRC_samples"""
"372,2017,""M. genitalium"",""Macrolide and Fluoroquinolone"",37,16.22,6,""Belgium"",""NRC"",""NRC_samples"",""M. genitalium_Macrolide and Fluoroquinolone_Belgium_NRC_samples"""
"373,2018,""M. genitalium"",""Macrolide and Fluoroquinolone"",56,10.71,6,""Belgium"",""NRC"",""NRC_samples"",""M. genitalium_Macrolide and Fluoroquinolone_Belgium_NRC_samples"""
"374,2020,""M. genitalium"",""Macrolide and Fluoroquinolone"",46,31,14,""Belgium"",""NRC"",""NRC_samples"",""M. genitalium_Macrolide and Fluoroquinolone_Belgium_NRC_samples"""
"375,2021,""M. genitalium"",""Macrolide and Fluoroquinolone"",43,39.5,17,""Belgium"",""NRC"",""NRC_samples"",""M. genitalium_Macrolide and Fluoroquinolone_Belgium_NRC_samples"""
"376,2022,""M. genitalium"",""Macrolide and Fluoroquinolone"",34,23.5,8,""Belgium"",""NRC"",""NRC_samples"",""M. genitalium_Macrolide and Fluoroquinolone_Belgium_NRC_samples"""
"377,2022,""M. genitalium"",""Macrolide and Fluoroquinolone"",232,21.6,50,""Belgium"",""Study"",NA,""M. genitalium_Macrolide and Fluoroquinolone_Belgium_NA"""
"378,2011,""M. tuberculosis"",""Monoresistant isoniazid"",754,4.5,34,""Belgium"",""NRC"",""NRC_samples"",""M. tuberculosis_Monoresistant isoniazid_Belgium_NRC_samples"""
"379,2012,""M. tuberculosis"",""Monoresistant isoniazid"",735,5,37,""Belgium"",""NRC"",""NRC_samples"",""M. tuberculosis_Monoresistant isoniazid_Belgium_NRC_samples"""
"380,2013,""M. tuberculosis"",""Monoresistant isoniazid"",728,4.9,36,""Belgium"",""NRC"",""NRC_samples"",""M. tuberculosis_Monoresistant isoniazid_Belgium_NRC_samples"""
"381,2014,""M. tuberculosis"",""Monoresistant isoniazid"",701,4.3,30,""Belgium"",""NRC"",""NRC_samples"",""M. tuberculosis_Monoresistant isoniazid_Belgium_NRC_samples"""
"382,2015,""M. tuberculosis"",""Monoresistant isoniazid"",745,5.8,43,""Belgium"",""NRC"",""NRC_samples"",""M. tuberculosis_Monoresistant isoniazid_Belgium_NRC_samples"""
"383,2016,""M. tuberculosis"",""Monoresistant isoniazid"",769,4.6,35,""Belgium"",""NRC"",""NRC_samples"",""M. tuberculosis_Monoresistant isoniazid_Belgium_NRC_samples"""
"384,2017,""M. tuberculosis"",""Monoresistant isoniazid"",729,5.9,43,""Belgium"",""NRC"",""NRC_samples"",""M. tuberculosis_Monoresistant isoniazid_Belgium_NRC_samples"""
"385,2018,""M. tuberculosis"",""Monoresistant isoniazid"",695,5,35,""Belgium"",""NRC"",""NRC_samples"",""M. tuberculosis_Monoresistant isoniazid_Belgium_NRC_samples"""
"386,2019,""M. tuberculosis"",""Monoresistant isoniazid"",707,3.4,24,""Belgium"",""NRC"",""NRC_samples"",""M. tuberculosis_Monoresistant isoniazid_Belgium_NRC_samples"""
"387,2020,""M. tuberculosis"",""Monoresistant isoniazid"",613,6.2,38,""Belgium"",""NRC"",""NRC_samples"",""M. tuberculosis_Monoresistant isoniazid_Belgium_NRC_samples"""
"388,2021,""M. tuberculosis"",""Monoresistant isoniazid"",624,5.1,32,""Belgium"",""NRC"",""NRC_samples"",""M. tuberculosis_Monoresistant isoniazid_Belgium_NRC_samples"""
"389,2011,""M. tuberculosis"",""MDR"",754,2,15,""Belgium"",""NRC"",""NRC_samples"",""M. tuberculosis_MDR_Belgium_NRC_samples"""
"390,2012,""M. tuberculosis"",""MDR"",735,2.7,20,""Belgium"",""NRC"",""NRC_samples"",""M. tuberculosis_MDR_Belgium_NRC_samples"""
"391,2013,""M. tuberculosis"",""MDR"",728,1.8,13,""Belgium"",""NRC"",""NRC_samples"",""M. tuberculosis_MDR_Belgium_NRC_samples"""
"392,2014,""M. tuberculosis"",""MDR"",701,1.5,11,""Belgium"",""NRC"",""NRC_samples"",""M. tuberculosis_MDR_Belgium_NRC_samples"""
"393,2015,""M. tuberculosis"",""MDR"",745,2,15,""Belgium"",""NRC"",""NRC_samples"",""M. tuberculosis_MDR_Belgium_NRC_samples"""
"394,2016,""M. tuberculosis"",""MDR"",769,1.3,10,""Belgium"",""NRC"",""NRC_samples"",""M. tuberculosis_MDR_Belgium_NRC_samples"""
"395,2017,""M. tuberculosis"",""MDR"",729,0.7,5,""Belgium"",""NRC"",""NRC_samples"",""M. tuberculosis_MDR_Belgium_NRC_samples"""
"396,2018,""M. tuberculosis"",""MDR"",695,1,7,""Belgium"",""NRC"",""NRC_samples"",""M. tuberculosis_MDR_Belgium_NRC_samples"""
"397,2019,""M. tuberculosis"",""MDR"",707,2.1,15,""Belgium"",""NRC"",""NRC_samples"",""M. tuberculosis_MDR_Belgium_NRC_samples"""
"398,2020,""M. tuberculosis"",""MDR"",613,2.3,14,""Belgium"",""NRC"",""NRC_samples"",""M. tuberculosis_MDR_Belgium_NRC_samples"""
"399,2021,""M. tuberculosis"",""MDR"",624,1.4,9,""Belgium"",""NRC"",""NRC_samples"",""M. tuberculosis_MDR_Belgium_NRC_samples"""
"400,2011,""S. aureus"",""Methicillin"",1346,18.3,246,""Belgium"",""EARS"",""Blood_CSF"",""S. aureus_Methicillin_Belgium_Blood_CSF"""
"401,2012,""S. aureus"",""Methicillin"",1575,16.5,260,""Belgium"",""EARS"",""Blood_CSF"",""S. aureus_Methicillin_Belgium_Blood_CSF"""
"402,2013,""S. aureus"",""Methicillin"",1612,16.9,272,""Belgium"",""EARS"",""Blood_CSF"",""S. aureus_Methicillin_Belgium_Blood_CSF"""
"403,2014,""S. aureus"",""Methicillin"",987,13.5,133,""Belgium"",""EARS"",""Blood_CSF"",""S. aureus_Methicillin_Belgium_Blood_CSF"""
"404,2015,""S. aureus"",""Methicillin"",1031,11.9,123,""Belgium"",""EARS"",""Blood_CSF"",""S. aureus_Methicillin_Belgium_Blood_CSF"""
"405,2016,""S. aureus"",""Methicillin"",1364,12.2,166,""Belgium"",""EARS"",""Blood_CSF"",""S. aureus_Methicillin_Belgium_Blood_CSF"""
"406,2017,""S. aureus"",""Methicillin"",1510,8.5,128,""Belgium"",""EARS"",""Blood_CSF"",""S. aureus_Methicillin_Belgium_Blood_CSF"""
"407,2018,""S. aureus"",""Methicillin"",1733,8.9,154,""Belgium"",""EARS"",""Blood_CSF"",""S. aureus_Methicillin_Belgium_Blood_CSF"""
"408,2019,""S. aureus"",""Methicillin"",1276,6.3,80,""Belgium"",""EARS"",""Blood_CSF"",""S. aureus_Methicillin_Belgium_Blood_CSF"""
"409,2020,""S. aureus"",""Methicillin"",1580,6.8,107,""Belgium"",""EARS"",""Blood_CSF"",""S. aureus_Methicillin_Belgium_Blood_CSF"""
"410,2021,""S. aureus"",""Methicillin"",1835,4.6,84,""Belgium"",""EARS"",""Blood_CSF"",""S. aureus_Methicillin_Belgium_Blood_CSF"""
"411,2011,""S. aureus"",""Methicillin"",9323,14.94,1393,""Neighbours"",""EARS"",""Blood_CSF"",""S. aureus_Methicillin_Neighbours_Blood_CSF"""
"412,2012,""S. aureus"",""Methicillin"",10199,14.21,1449,""Neighbours"",""EARS"",""Blood_CSF"",""S. aureus_Methicillin_Neighbours_Blood_CSF"""
"413,2013,""S. aureus"",""Methicillin"",11621,11.92,1385,""Neighbours"",""EARS"",""Blood_CSF"",""S. aureus_Methicillin_Neighbours_Blood_CSF"""
"414,2014,""S. aureus"",""Methicillin"",11648,12.06,1405,""Neighbours"",""EARS"",""Blood_CSF"",""S. aureus_Methicillin_Neighbours_Blood_CSF"""
"415,2015,""S. aureus"",""Methicillin"",13480,11.19,1508,""Neighbours"",""EARS"",""Blood_CSF"",""S. aureus_Methicillin_Neighbours_Blood_CSF"""
"416,2016,""S. aureus"",""Methicillin"",18672,9.8,1829,""Neighbours"",""EARS"",""Blood_CSF"",""S. aureus_Methicillin_Neighbours_Blood_CSF"""
"417,2017,""S. aureus"",""Methicillin"",22845,9.17,2095,""Neighbours"",""EARS"",""Blood_CSF"",""S. aureus_Methicillin_Neighbours_Blood_CSF"""
"418,2018,""S. aureus"",""Methicillin"",22586,8.02,1811,""Neighbours"",""EARS"",""Blood_CSF"",""S. aureus_Methicillin_Neighbours_Blood_CSF"""
"419,2019,""S. aureus"",""Methicillin"",21847,7.4,1617,""Neighbours"",""EARS"",""Blood_CSF"",""S. aureus_Methicillin_Neighbours_Blood_CSF"""
"420,2020,""S. aureus"",""Methicillin"",28187,7.52,2119,""Neighbours"",""EARS"",""Blood_CSF"",""S. aureus_Methicillin_Neighbours_Blood_CSF"""
"421,2011,""S. aureus"",""Methicillin"",36003,16.31,5871,""Europe"",""EARS"",""Blood_CSF"",""S. aureus_Methicillin_Europe_Blood_CSF"""
"422,2012,""S. aureus"",""Methicillin"",37321,16.15,6029,""Europe"",""EARS"",""Blood_CSF"",""S. aureus_Methicillin_Europe_Blood_CSF"""
"423,2013,""S. aureus"",""Methicillin"",41833,16.01,6699,""Europe"",""EARS"",""Blood_CSF"",""S. aureus_Methicillin_Europe_Blood_CSF"""
"424,2014,""S. aureus"",""Methicillin"",41275,15.88,6554,""Europe"",""EARS"",""Blood_CSF"",""S. aureus_Methicillin_Europe_Blood_CSF"""
"425,2015,""S. aureus"",""Methicillin"",46173,15.91,7347,""Europe"",""EARS"",""Blood_CSF"",""S. aureus_Methicillin_Europe_Blood_CSF"""
"426,2016,""S. aureus"",""Methicillin"",57730,13.88,8013,""Europe"",""EARS"",""Blood_CSF"",""S. aureus_Methicillin_Europe_Blood_CSF"""
"427,2017,""S. aureus"",""Methicillin"",66120,12.86,8500,""Europe"",""EARS"",""Blood_CSF"",""S. aureus_Methicillin_Europe_Blood_CSF"""
"428,2018,""S. aureus"",""Methicillin"",72882,13.96,10173,""Europe"",""EARS"",""Blood_CSF"",""S. aureus_Methicillin_Europe_Blood_CSF"""
"429,2019,""S. aureus"",""Methicillin"",74718,12.86,9610,""Europe"",""EARS"",""Blood_CSF"",""S. aureus_Methicillin_Europe_Blood_CSF"""
"430,2020,""S. aureus"",""Methicillin"",72314,13.23,9564,""Europe"",""EARS"",""Blood_CSF"",""S. aureus_Methicillin_Europe_Blood_CSF"""
"431,2011,""S. aureus"",""Methicillin"",33137,18.4,6108,""Belgium"",""AMR"",""All samples"",""S. aureus_Methicillin_Belgium_All samples"""
"432,2012,""S. aureus"",""Methicillin"",35344,16.6,5868,""Belgium"",""AMR"",""All samples"",""S. aureus_Methicillin_Belgium_All samples"""
"433,2013,""S. aureus"",""Methicillin"",33452,17.5,5839,""Belgium"",""AMR"",""All samples"",""S. aureus_Methicillin_Belgium_All samples"""
"434,2014,""S. aureus"",""Methicillin"",33541,15.2,5115,""Belgium"",""AMR"",""All samples"",""S. aureus_Methicillin_Belgium_All samples"""
"435,2015,""S. aureus"",""Methicillin"",34558,15.4,5324,""Belgium"",""AMR"",""All samples"",""S. aureus_Methicillin_Belgium_All samples"""
"436,2016,""S. aureus"",""Methicillin"",35518,15.7047131,5578,""Belgium"",""AMR"",""All samples"",""S. aureus_Methicillin_Belgium_All samples"""
"437,2017,""S. aureus"",""Methicillin"",33477,14.4,4831,""Belgium"",""AMR"",""All samples"",""S. aureus_Methicillin_Belgium_All samples"""
"438,2018,""S. aureus"",""Methicillin"",33627,14.2,4785,""Belgium"",""AMR"",""All samples"",""S. aureus_Methicillin_Belgium_All samples"""
"439,2019,""S. aureus"",""Methicillin"",32273,12.4,3996,""Belgium"",""AMR"",""All samples"",""S. aureus_Methicillin_Belgium_All samples"""
"440,2020,""S. aureus"",""Methicillin"",27628,10.6,2922,""Belgium"",""AMR"",""All samples"",""S. aureus_Methicillin_Belgium_All samples"""
"441,2021,""S. aureus"",""Methicillin"",28415,10.7,3028,""Belgium"",""AMR"",""All samples"",""S. aureus_Methicillin_Belgium_All samples"""
"442,2013,""N. gonorrhea"",""Ciprofloxacin"",592,51.4,304,""Belgium"",""NRC"",""NRC_samples"",""N. gonorrhea_Ciprofloxacin_Belgium_NRC_samples"""
"443,2014,""N. gonorrhea"",""Ciprofloxacin"",558,53.9,301,""Belgium"",""NRC"",""NRC_samples"",""N. gonorrhea_Ciprofloxacin_Belgium_NRC_samples"""
"444,2015,""N. gonorrhea"",""Ciprofloxacin"",627,46.3,290,""Belgium"",""NRC"",""NRC_samples"",""N. gonorrhea_Ciprofloxacin_Belgium_NRC_samples"""
"445,2016,""N. gonorrhea"",""Ciprofloxacin"",593,45.9,272,""Belgium"",""NRC"",""NRC_samples"",""N. gonorrhea_Ciprofloxacin_Belgium_NRC_samples"""
"446,2017,""N. gonorrhea"",""Ciprofloxacin"",601,43.4,261,""Belgium"",""NRC"",""NRC_samples"",""N. gonorrhea_Ciprofloxacin_Belgium_NRC_samples"""
"447,2018,""N. gonorrhea"",""Ciprofloxacin"",682,42.4,289,""Belgium"",""NRC"",""NRC_samples"",""N. gonorrhea_Ciprofloxacin_Belgium_NRC_samples"""
"448,2019,""N. gonorrhea"",""Ciprofloxacin"",650,54.1,352,""Belgium"",""NRC"",""NRC_samples"",""N. gonorrhea_Ciprofloxacin_Belgium_NRC_samples"""
"449,2020,""N. gonorrhea"",""Ciprofloxacin"",495,52.1,258,""Belgium"",""NRC"",""NRC_samples"",""N. gonorrhea_Ciprofloxacin_Belgium_NRC_samples"""
"450,2021,""N. gonorrhea"",""Ciprofloxacin"",558,55.9,312,""Belgium"",""NRC"",""NRC_samples"",""N. gonorrhea_Ciprofloxacin_Belgium_NRC_samples"""
"451,2022,""N. gonorrhea"",""Ciprofloxacin"",675,56.3,380,""Belgium"",""NRC"",""NRC_samples"",""N. gonorrhea_Ciprofloxacin_Belgium_NRC_samples"""
"452,2013,""N. gonorrhea"",""Azithromycin"",592,0.2,1,""Belgium"",""NRC"",""NRC_samples"",""N. gonorrhea_Azithromycin_Belgium_NRC_samples"""
"453,2014,""N. gonorrhea"",""Azithromycin"",558,1.3,7,""Belgium"",""NRC"",""NRC_samples"",""N. gonorrhea_Azithromycin_Belgium_NRC_samples"""
"454,2015,""N. gonorrhea"",""Azithromycin"",627,0.8,5,""Belgium"",""NRC"",""NRC_samples"",""N. gonorrhea_Azithromycin_Belgium_NRC_samples"""
"455,2016,""N. gonorrhea"",""Azithromycin"",593,5.2,31,""Belgium"",""NRC"",""NRC_samples"",""N. gonorrhea_Azithromycin_Belgium_NRC_samples"""
"456,2017,""N. gonorrhea"",""Azithromycin"",601,3.7,22,""Belgium"",""NRC"",""NRC_samples"",""N. gonorrhea_Azithromycin_Belgium_NRC_samples"""
"457,2018,""N. gonorrhea"",""Azithromycin"",682,7.2,49,""Belgium"",""NRC"",""NRC_samples"",""N. gonorrhea_Azithromycin_Belgium_NRC_samples"""
"458,2019,""N. gonorrhea"",""Azithromycin"",650,9.4,61,""Belgium"",""NRC"",""NRC_samples"",""N. gonorrhea_Azithromycin_Belgium_NRC_samples"""
"459,2020,""N. gonorrhea"",""Azithromycin"",495,16,79,""Belgium"",""NRC"",""NRC_samples"",""N. gonorrhea_Azithromycin_Belgium_NRC_samples"""
"460,2021,""N. gonorrhea"",""Azithromycin"",558,18.6,104,""Belgium"",""NRC"",""NRC_samples"",""N. gonorrhea_Azithromycin_Belgium_NRC_samples"""
"461,2022,""N. gonorrhea"",""Azithromycin"",675,33.6,227,""Belgium"",""NRC"",""NRC_samples"",""N. gonorrhea_Azithromycin_Belgium_NRC_samples"""
"462,2013,""N. gonorrhea"",""Ceftriaxone"",592,0,0,""Belgium"",""NRC"",""NRC_samples"",""N. gonorrhea_Ceftriaxone_Belgium_NRC_samples"""
"463,2014,""N. gonorrhea"",""Ceftriaxone"",558,0,0,""Belgium"",""NRC"",""NRC_samples"",""N. gonorrhea_Ceftriaxone_Belgium_NRC_samples"""
"464,2015,""N. gonorrhea"",""Ceftriaxone"",627,0.2,1,""Belgium"",""NRC"",""NRC_samples"",""N. gonorrhea_Ceftriaxone_Belgium_NRC_samples"""
"465,2016,""N. gonorrhea"",""Ceftriaxone"",593,0,0,""Belgium"",""NRC"",""NRC_samples"",""N. gonorrhea_Ceftriaxone_Belgium_NRC_samples"""
"466,2017,""N. gonorrhea"",""Ceftriaxone"",601,0.3,2,""Belgium"",""NRC"",""NRC_samples"",""N. gonorrhea_Ceftriaxone_Belgium_NRC_samples"""
"467,2018,""N. gonorrhea"",""Ceftriaxone"",682,0.7,5,""Belgium"",""NRC"",""NRC_samples"",""N. gonorrhea_Ceftriaxone_Belgium_NRC_samples"""
"468,2019,""N. gonorrhea"",""Ceftriaxone"",650,0.2,1,""Belgium"",""NRC"",""NRC_samples"",""N. gonorrhea_Ceftriaxone_Belgium_NRC_samples"""
"469,2020,""N. gonorrhea"",""Ceftriaxone"",495,0.4,2,""Belgium"",""NRC"",""NRC_samples"",""N. gonorrhea_Ceftriaxone_Belgium_NRC_samples"""
"470,2021,""N. gonorrhea"",""Ceftriaxone"",558,0.4,2,""Belgium"",""NRC"",""NRC_samples"",""N. gonorrhea_Ceftriaxone_Belgium_NRC_samples"""
"471,2022,""N. gonorrhea"",""Ceftriaxone"",675,0,0,""Belgium"",""NRC"",""NRC_samples"",""N. gonorrhea_Ceftriaxone_Belgium_NRC_samples"""
"472,2011,""P. aeruginosa"",""MDR"",196,12.2,24,""Belgium"",""EARS"",""Blood_CSF"",""P. aeruginosa_MDR_Belgium_Blood_CSF"""
"473,2012,""P. aeruginosa"",""MDR"",246,8.9,22,""Belgium"",""EARS"",""Blood_CSF"",""P. aeruginosa_MDR_Belgium_Blood_CSF"""
"474,2013,""P. aeruginosa"",""MDR"",359,10.9,39,""Belgium"",""EARS"",""Blood_CSF"",""P. aeruginosa_MDR_Belgium_Blood_CSF"""
"475,2014,""P. aeruginosa"",""MDR"",253,6.7,17,""Belgium"",""EARS"",""Blood_CSF"",""P. aeruginosa_MDR_Belgium_Blood_CSF"""
"476,2015,""P. aeruginosa"",""MDR"",203,3.9,8,""Belgium"",""EARS"",""Blood_CSF"",""P. aeruginosa_MDR_Belgium_Blood_CSF"""
"477,2016,""P. aeruginosa"",""MDR"",278,6.5,18,""Belgium"",""EARS"",""Blood_CSF"",""P. aeruginosa_MDR_Belgium_Blood_CSF"""
"478,2017,""P. aeruginosa"",""MDR"",360,6.7,24,""Belgium"",""EARS"",""Blood_CSF"",""P. aeruginosa_MDR_Belgium_Blood_CSF"""
"479,2018,""P. aeruginosa"",""MDR"",366,5.5,20,""Belgium"",""EARS"",""Blood_CSF"",""P. aeruginosa_MDR_Belgium_Blood_CSF"""
"480,2019,""P. aeruginosa"",""MDR"",442,6.1,27,""Belgium"",""EARS"",""Blood_CSF"",""P. aeruginosa_MDR_Belgium_Blood_CSF"""
"481,2020,""P. aeruginosa"",""MDR"",493,6.7,33,""Belgium"",""EARS"",""Blood_CSF"",""P. aeruginosa_MDR_Belgium_Blood_CSF"""
"482,2021,""P. aeruginosa"",""MDR"",462,7.4,34,""Belgium"",""EARS"",""Blood_CSF"",""P. aeruginosa_MDR_Belgium_Blood_CSF"""
"483,2017,""P. aeruginosa"",""MDR"",3161,3.9,123,""Belgium"",""EARS"",""Urine"",""P. aeruginosa_MDR_Belgium_Urine"""
"484,2018,""P. aeruginosa"",""MDR"",4601,4.2,193,""Belgium"",""EARS"",""Urine"",""P. aeruginosa_MDR_Belgium_Urine"""
"485,2019,""P. aeruginosa"",""MDR"",4696,3.7,174,""Belgium"",""EARS"",""Urine"",""P. aeruginosa_MDR_Belgium_Urine"""
"486,2020,""P. aeruginosa"",""MDR"",4812,3.5,168,""Belgium"",""EARS"",""Urine"",""P. aeruginosa_MDR_Belgium_Urine"""
"487,2021,""P. aeruginosa"",""MDR"",6360,4.1,261,""Belgium"",""EARS"",""Urine"",""P. aeruginosa_MDR_Belgium_Urine"""
"488,2011,""P. aeruginosa"",""MDR"",10176,14.79,1505,""Neighbours"",""EARS"",""Blood_CSF"",""P. aeruginosa_MDR_Neighbours_Blood_CSF"""
"489,2012,""P. aeruginosa"",""MDR"",10891,14.36,1564,""Neighbours"",""EARS"",""Blood_CSF"",""P. aeruginosa_MDR_Neighbours_Blood_CSF"""
"490,2013,""P. aeruginosa"",""MDR"",12153,13.63,1656,""Neighbours"",""EARS"",""Blood_CSF"",""P. aeruginosa_MDR_Neighbours_Blood_CSF"""
"491,2014,""P. aeruginosa"",""MDR"",11939,14.48,1729,""Neighbours"",""EARS"",""Blood_CSF"",""P. aeruginosa_MDR_Neighbours_Blood_CSF"""
"492,2015,""P. aeruginosa"",""MDR"",12863,13.63,1753,""Neighbours"",""EARS"",""Blood_CSF"",""P. aeruginosa_MDR_Neighbours_Blood_CSF"""
"493,2016,""P. aeruginosa"",""MDR"",15628,11.72,1832,""Neighbours"",""EARS"",""Blood_CSF"",""P. aeruginosa_MDR_Neighbours_Blood_CSF"""
"494,2017,""P. aeruginosa"",""MDR"",17117,10.92,1870,""Neighbours"",""EARS"",""Blood_CSF"",""P. aeruginosa_MDR_Neighbours_Blood_CSF"""
"495,2018,""P. aeruginosa"",""MDR"",19306,11.22,2167,""Neighbours"",""EARS"",""Blood_CSF"",""P. aeruginosa_MDR_Neighbours_Blood_CSF"""
"496,2019,""P. aeruginosa"",""MDR"",20406,9.91,2023,""Neighbours"",""EARS"",""Blood_CSF"",""P. aeruginosa_MDR_Neighbours_Blood_CSF"""
"497,2020,""P. aeruginosa"",""MDR"",20421,9.72,1984,""Neighbours"",""EARS"",""Blood_CSF"",""P. aeruginosa_MDR_Neighbours_Blood_CSF"""
"498,2011,""P. aeruginosa"",""MDR"",2575,12.93,333,""Europe"",""EARS"",""Blood_CSF"",""P. aeruginosa_MDR_Europe_Blood_CSF"""
"499,2012,""P. aeruginosa"",""MDR"",2743,10.68,293,""Europe"",""EARS"",""Blood_CSF"",""P. aeruginosa_MDR_Europe_Blood_CSF"""
"500,2013,""P. aeruginosa"",""MDR"",3121,9.71,303,""Europe"",""EARS"",""Blood_CSF"",""P. aeruginosa_MDR_Europe_Blood_CSF"""
"501,2014,""P. aeruginosa"",""MDR"",3148,9.63,303,""Europe"",""EARS"",""Blood_CSF"",""P. aeruginosa_MDR_Europe_Blood_CSF"""
"502,2015,""P. aeruginosa"",""MDR"",3563,8.73,311,""Europe"",""EARS"",""Blood_CSF"",""P. aeruginosa_MDR_Europe_Blood_CSF"""
"503,2016,""P. aeruginosa"",""MDR"",4095,7.91,324,""Europe"",""EARS"",""Blood_CSF"",""P. aeruginosa_MDR_Europe_Blood_CSF"""
"504,2017,""P. aeruginosa"",""MDR"",4397,7.19,316,""Europe"",""EARS"",""Blood_CSF"",""P. aeruginosa_MDR_Europe_Blood_CSF"""
"505,2018,""P. aeruginosa"",""MDR"",4551,7.03,320,""Europe"",""EARS"",""Blood_CSF"",""P. aeruginosa_MDR_Europe_Blood_CSF"""
"506,2019,""P. aeruginosa"",""MDR"",4920,6.32,311,""Europe"",""EARS"",""Blood_CSF"",""P. aeruginosa_MDR_Europe_Blood_CSF"""
"507,2020,""P. aeruginosa"",""MDR"",6972,6.99,487,""Europe"",""EARS"",""Blood_CSF"",""P. aeruginosa_MDR_Europe_Blood_CSF"""
"508,2011,""P. aeruginosa"",""MDR"",137,0,0,""Belgium"",""AMR"",""All sample types"",""P. aeruginosa_MDR_Belgium_All sample types"""
"509,2012,""P. aeruginosa"",""MDR"",6838,6.6,450,""Belgium"",""AMR"",""All sample types"",""P. aeruginosa_MDR_Belgium_All sample types"""
"510,2013,""P. aeruginosa"",""MDR"",14595,5,730,""Belgium"",""AMR"",""All sample types"",""P. aeruginosa_MDR_Belgium_All sample types"""
"511,2014,""P. aeruginosa"",""MDR"",18954,5.5,1035,""Belgium"",""AMR"",""All sample types"",""P. aeruginosa_MDR_Belgium_All sample types"""
"512,2015,""P. aeruginosa"",""MDR"",19307,5.8,1122,""Belgium"",""AMR"",""All sample types"",""P. aeruginosa_MDR_Belgium_All sample types"""
"513,2016,""P. aeruginosa"",""MDR"",22065,6,1313,""Belgium"",""AMR"",""All sample types"",""P. aeruginosa_MDR_Belgium_All sample types"""
"514,2017,""P. aeruginosa"",""MDR"",19584,7.7,1515,""Belgium"",""AMR"",""All sample types"",""P. aeruginosa_MDR_Belgium_All sample types"""
"515,2018,""P. aeruginosa"",""MDR"",20743,7.2,1488,""Belgium"",""AMR"",""All sample types"",""P. aeruginosa_MDR_Belgium_All sample types"""
"516,2019,""P. aeruginosa"",""MDR"",18990,6.7,1270,""Belgium"",""AMR"",""All sample types"",""P. aeruginosa_MDR_Belgium_All sample types"""
"517,2020,""P. aeruginosa"",""MDR"",18109,6.7,1212,""Belgium"",""AMR"",""All sample types"",""P. aeruginosa_MDR_Belgium_All sample types"""
"518,2021,""P. aeruginosa"",""MDR"",19717,6,1185,""Belgium"",""AMR"",""All sample types"",""P. aeruginosa_MDR_Belgium_All sample types"""
"519,2011,""S. pneumoniae"",""Penicillin"",1868,10.76,201,""Belgium"",""NRC"",""NRC_samples"",""S. pneumoniae_Penicillin_Belgium_NRC_samples"""
"520,2012,""S. pneumoniae"",""Penicillin"",1761,9.88,174,""Belgium"",""NRC"",""NRC_samples"",""S. pneumoniae_Penicillin_Belgium_NRC_samples"""
"521,2013,""S. pneumoniae"",""Penicillin"",1653,10.04,166,""Belgium"",""NRC"",""NRC_samples"",""S. pneumoniae_Penicillin_Belgium_NRC_samples"""
"522,2014,""S. pneumoniae"",""Penicillin"",1215,9.22,112,""Belgium"",""NRC"",""NRC_samples"",""S. pneumoniae_Penicillin_Belgium_NRC_samples"""
"523,2015,""S. pneumoniae"",""Penicillin"",1369,10.37,142,""Belgium"",""NRC"",""NRC_samples"",""S. pneumoniae_Penicillin_Belgium_NRC_samples"""
"524,2016,""S. pneumoniae"",""Penicillin"",1339,9.34,125,""Belgium"",""NRC"",""NRC_samples"",""S. pneumoniae_Penicillin_Belgium_NRC_samples"""
"525,2017,""S. pneumoniae"",""Penicillin"",1497,10.02,150,""Belgium"",""NRC"",""NRC_samples"",""S. pneumoniae_Penicillin_Belgium_NRC_samples"""
"526,2018,""S. pneumoniae"",""Penicillin"",1558,10.27,160,""Belgium"",""NRC"",""NRC_samples"",""S. pneumoniae_Penicillin_Belgium_NRC_samples"""
"527,2019,""S. pneumoniae"",""Penicillin"",1589,9.88,157,""Belgium"",""NRC"",""NRC_samples"",""S. pneumoniae_Penicillin_Belgium_NRC_samples"""
"528,2020,""S. pneumoniae"",""Penicillin"",882,14.85,131,""Belgium"",""NRC"",""NRC_samples"",""S. pneumoniae_Penicillin_Belgium_NRC_samples"""
"529,2021,""S. pneumoniae"",""Penicillin"",854,18.38,157,""Belgium"",""NRC"",""NRC_samples"",""S. pneumoniae_Penicillin_Belgium_NRC_samples"""
"530,2022,""S. pneumoniae"",""Penicillin"",1487,14.12,210,""Belgium"",""NRC"",""NRC_samples"",""S. pneumoniae_Penicillin_Belgium_NRC_samples"""
"531,2011,""S. pneumoniae"",""Penicillin"",3053,1.15,35,""Neighbours"",""EARS"",""Blood_CSF"",""S. pneumoniae_Penicillin_Neighbours_Blood_CSF"""
"532,2012,""S. pneumoniae"",""Penicillin"",2462,0.28,7,""Neighbours"",""EARS"",""Blood_CSF"",""S. pneumoniae_Penicillin_Neighbours_Blood_CSF"""
"533,2013,""S. pneumoniae"",""Penicillin"",2818,0.21,6,""Neighbours"",""EARS"",""Blood_CSF"",""S. pneumoniae_Penicillin_Neighbours_Blood_CSF"""
"534,2014,""S. pneumoniae"",""Penicillin"",2519,0.44,11,""Neighbours"",""EARS"",""Blood_CSF"",""S. pneumoniae_Penicillin_Neighbours_Blood_CSF"""
"535,2015,""S. pneumoniae"",""Penicillin"",3354,0.83,28,""Neighbours"",""EARS"",""Blood_CSF"",""S. pneumoniae_Penicillin_Neighbours_Blood_CSF"""
"536,2016,""S. pneumoniae"",""Penicillin"",4000,1.03,41,""Neighbours"",""EARS"",""Blood_CSF"",""S. pneumoniae_Penicillin_Neighbours_Blood_CSF"""
"537,2017,""S. pneumoniae"",""Penicillin"",4180,2.3,96,""Neighbours"",""EARS"",""Blood_CSF"",""S. pneumoniae_Penicillin_Neighbours_Blood_CSF"""
"538,2018,""S. pneumoniae"",""Penicillin"",4760,3.89,185,""Neighbours"",""EARS"",""Blood_CSF"",""S. pneumoniae_Penicillin_Neighbours_Blood_CSF"""
"539,2019,""S. pneumoniae"",""Penicillin"",4624,3.91,181,""Neighbours"",""EARS"",""Blood_CSF"",""S. pneumoniae_Penicillin_Neighbours_Blood_CSF"""
"540,2020,""S. pneumoniae"",""Penicillin"",2766,4.52,125,""Neighbours"",""EARS"",""Blood_CSF"",""S. pneumoniae_Penicillin_Neighbours_Blood_CSF"""
"541,2011,""S. pneumoniae"",""Penicillin"",12735,1.96,249,""Europe"",""EARS"",""Blood_CSF"",""S. pneumoniae_Penicillin_Europe_Blood_CSF"""
"542,2012,""S. pneumoniae"",""Penicillin"",11114,1.93,214,""Europe"",""EARS"",""Blood_CSF"",""S. pneumoniae_Penicillin_Europe_Blood_CSF"""
"543,2013,""S. pneumoniae"",""Penicillin"",11612,2.19,254,""Europe"",""EARS"",""Blood_CSF"",""S. pneumoniae_Penicillin_Europe_Blood_CSF"""
"544,2014,""S. pneumoniae"",""Penicillin"",10781,2.17,234,""Europe"",""EARS"",""Blood_CSF"",""S. pneumoniae_Penicillin_Europe_Blood_CSF"""
"545,2015,""S. pneumoniae"",""Penicillin"",12185,2.35,286,""Europe"",""EARS"",""Blood_CSF"",""S. pneumoniae_Penicillin_Europe_Blood_CSF"""
"546,2016,""S. pneumoniae"",""Penicillin"",15666,2.99,469,""Europe"",""EARS"",""Blood_CSF"",""S. pneumoniae_Penicillin_Europe_Blood_CSF"""
"547,2017,""S. pneumoniae"",""Penicillin"",17163,1.53,263,""Europe"",""EARS"",""Blood_CSF"",""S. pneumoniae_Penicillin_Europe_Blood_CSF"""
"548,2018,""S. pneumoniae"",""Penicillin"",18676,1.96,366,""Europe"",""EARS"",""Blood_CSF"",""S. pneumoniae_Penicillin_Europe_Blood_CSF"""
"549,2019,""S. pneumoniae"",""Penicillin"",18237,2.06,376,""Europe"",""EARS"",""Blood_CSF"",""S. pneumoniae_Penicillin_Europe_Blood_CSF"""
"550,2020,""S. pneumoniae"",""Penicillin"",8032,3.86,310,""Europe"",""EARS"",""Blood_CSF"",""S. pneumoniae_Penicillin_Europe_Blood_CSF"""
"551,2011,""S. pneumoniae"",""Macrolide"",1868,26.12,488,""Belgium"",""NRC"",""NRC_samples"",""S. pneumoniae_Macrolide_Belgium_NRC_samples"""
"552,2012,""S. pneumoniae"",""Macrolide"",1761,25.1,442,""Belgium"",""NRC"",""NRC_samples"",""S. pneumoniae_Macrolide_Belgium_NRC_samples"""
"553,2013,""S. pneumoniae"",""Macrolide"",1653,23.65,391,""Belgium"",""NRC"",""NRC_samples"",""S. pneumoniae_Macrolide_Belgium_NRC_samples"""
"554,2014,""S. pneumoniae"",""Macrolide"",1215,17.53,213,""Belgium"",""NRC"",""NRC_samples"",""S. pneumoniae_Macrolide_Belgium_NRC_samples"""
"555,2015,""S. pneumoniae"",""Macrolide"",1369,18.41,252,""Belgium"",""NRC"",""NRC_samples"",""S. pneumoniae_Macrolide_Belgium_NRC_samples"""
"556,2016,""S. pneumoniae"",""Macrolide"",1339,15.91,213,""Belgium"",""NRC"",""NRC_samples"",""S. pneumoniae_Macrolide_Belgium_NRC_samples"""
"557,2017,""S. pneumoniae"",""Macrolide"",1497,14.96,224,""Belgium"",""NRC"",""NRC_samples"",""S. pneumoniae_Macrolide_Belgium_NRC_samples"""
"558,2018,""S. pneumoniae"",""Macrolide"",1558,15.34,239,""Belgium"",""NRC"",""NRC_samples"",""S. pneumoniae_Macrolide_Belgium_NRC_samples"""
"559,2019,""S. pneumoniae"",""Macrolide"",1589,15.73,250,""Belgium"",""NRC"",""NRC_samples"",""S. pneumoniae_Macrolide_Belgium_NRC_samples"""
"560,2020,""S. pneumoniae"",""Macrolide"",882,19.5,172,""Belgium"",""NRC"",""NRC_samples"",""S. pneumoniae_Macrolide_Belgium_NRC_samples"""
"561,2021,""S. pneumoniae"",""Macrolide"",854,16.51,141,""Belgium"",""NRC"",""NRC_samples"",""S. pneumoniae_Macrolide_Belgium_NRC_samples"""
"561.5,2021,""S. pneumoniae"",""Macrolide"",1487,14.66,218,""Belgium"",""NRC"",""NRC_samples"",""S. pneumoniae_Macrolide_Belgium_NRC_samples"""
"562,2022,""S. pneumoniae"",""Macrolide"",1487,14.66,218,NA,""NRC"",""NRC_samples"",""S. pneumoniae_Macrolide_NA_NRC_samples"""
"563,2011,""S. pneumoniae"",""Macrolide"",3184,14.23,453,""Neighbours"",""EARS"",""Blood_CSF"",""S. pneumoniae_Macrolide_Neighbours_Blood_CSF"""
"564,2012,""S. pneumoniae"",""Macrolide"",2573,12.16,313,""Neighbours"",""EARS"",""Blood_CSF"",""S. pneumoniae_Macrolide_Neighbours_Blood_CSF"""
"565,2013,""S. pneumoniae"",""Macrolide"",3088,12.4,383,""Neighbours"",""EARS"",""Blood_CSF"",""S. pneumoniae_Macrolide_Neighbours_Blood_CSF"""
"566,2014,""S. pneumoniae"",""Macrolide"",2621,9.54,250,""Neighbours"",""EARS"",""Blood_CSF"",""S. pneumoniae_Macrolide_Neighbours_Blood_CSF"""
"567,2015,""S. pneumoniae"",""Macrolide"",3415,11.01,376,""Neighbours"",""EARS"",""Blood_CSF"",""S. pneumoniae_Macrolide_Neighbours_Blood_CSF"""
"568,2016,""S. pneumoniae"",""Macrolide"",4085,10.01,409,""Neighbours"",""EARS"",""Blood_CSF"",""S. pneumoniae_Macrolide_Neighbours_Blood_CSF"""
"569,2017,""S. pneumoniae"",""Macrolide"",4289,8.56,367,""Neighbours"",""EARS"",""Blood_CSF"",""S. pneumoniae_Macrolide_Neighbours_Blood_CSF"""
"570,2018,""S. pneumoniae"",""Macrolide"",4779,9.58,458,""Neighbours"",""EARS"",""Blood_CSF"",""S. pneumoniae_Macrolide_Neighbours_Blood_CSF"""
"571,2019,""S. pneumoniae"",""Macrolide"",4678,9.96,466,""Neighbours"",""EARS"",""Blood_CSF"",""S. pneumoniae_Macrolide_Neighbours_Blood_CSF"""
"572,2020,""S. pneumoniae"",""Macrolide"",2892,9.37,271,""Neighbours"",""EARS"",""Blood_CSF"",""S. pneumoniae_Macrolide_Neighbours_Blood_CSF"""
"573,2011,""S. pneumoniae"",""Macrolide"",12670,14.65,1856,""Europe"",""EARS"",""Blood_CSF"",""S. pneumoniae_Macrolide_Europe_Blood_CSF"""
"574,2012,""S. pneumoniae"",""Macrolide"",11286,14.73,1662,""Europe"",""EARS"",""Blood_CSF"",""S. pneumoniae_Macrolide_Europe_Blood_CSF"""
"575,2013,""S. pneumoniae"",""Macrolide"",12212,13.81,1686,""Europe"",""EARS"",""Blood_CSF"",""S. pneumoniae_Macrolide_Europe_Blood_CSF"""
"576,2014,""S. pneumoniae"",""Macrolide"",11036,12.01,1325,""Europe"",""EARS"",""Blood_CSF"",""S. pneumoniae_Macrolide_Europe_Blood_CSF"""
"577,2015,""S. pneumoniae"",""Macrolide"",16036,11.06,1774,""Europe"",""EARS"",""Blood_CSF"",""S. pneumoniae_Macrolide_Europe_Blood_CSF"""
"578,2016,""S. pneumoniae"",""Macrolide"",12682,12.66,1605,""Europe"",""EARS"",""Blood_CSF"",""S. pneumoniae_Macrolide_Europe_Blood_CSF"""
"579,2017,""S. pneumoniae"",""Macrolide"",17587,10.58,1860,""Europe"",""EARS"",""Blood_CSF"",""S. pneumoniae_Macrolide_Europe_Blood_CSF"""
"580,2018,""S. pneumoniae"",""Macrolide"",19217,10.89,2092,""Europe"",""EARS"",""Blood_CSF"",""S. pneumoniae_Macrolide_Europe_Blood_CSF"""
"581,2019,""S. pneumoniae"",""Macrolide"",18948,11.25,2131,""Europe"",""EARS"",""Blood_CSF"",""S. pneumoniae_Macrolide_Europe_Blood_CSF"""
"582,2020,""S. pneumoniae"",""Macrolide"",8362,13.38,1119,""Europe"",""EARS"",""Blood_CSF"",""S. pneumoniae_Macrolide_Europe_Blood_CSF"""
"583,2019,""Salmonella"",""Ciprofloxacin"",96,13.4,13,""Belgium"",""NRC"",""NRC_samples"",""Salmonella_Ciprofloxacin_Belgium_NRC_samples"""
"584,2020,""Salmonella"",""Ciprofloxacin"",73,17.8,13,""Belgium"",""NRC"",""NRC_samples"",""Salmonella_Ciprofloxacin_Belgium_NRC_samples"""
"585,2021,""Salmonella"",""Ciprofloxacin"",68,22.1,15,""Belgium"",""NRC"",""NRC_samples"",""Salmonella_Ciprofloxacin_Belgium_NRC_samples"""
"586,2022,""Salmonella"",""Ciprofloxacin"",95,30.5,29,""Belgium"",""NRC"",""NRC_samples"",""Salmonella_Ciprofloxacin_Belgium_NRC_samples"""
"587,2019,""Salmonella"",""3GC"",96,0.8,1,""Belgium"",""NRC"",""NRC_samples"",""Salmonella_3GC_Belgium_NRC_samples"""
"588,2020,""Salmonella"",""3GC"",73,2.7,2,""Belgium"",""NRC"",""NRC_samples"",""Salmonella_3GC_Belgium_NRC_samples"""
"589,2021,""Salmonella"",""3GC"",68,2.9,2,""Belgium"",""NRC"",""NRC_samples"",""Salmonella_3GC_Belgium_NRC_samples"""
"590,2022,""Salmonella"",""3GC"",95,3.2,3,""Belgium"",""NRC"",""NRC_samples"",""Salmonella_3GC_Belgium_NRC_samples"""
"591,2019,""Salmonella"",""Azithromycin"",96,1.4,1,""Belgium"",""NRC"",""NRC_samples"",""Salmonella_Azithromycin_Belgium_NRC_samples"""
"592,2020,""Salmonella"",""Azithromycin"",73,1.4,1,""Belgium"",""NRC"",""NRC_samples"",""Salmonella_Azithromycin_Belgium_NRC_samples"""
"593,2021,""Salmonella"",""Azithromycin"",68,1.5,1,""Belgium"",""NRC"",""NRC_samples"",""Salmonella_Azithromycin_Belgium_NRC_samples"""
"594,2022,""Salmonella"",""Azithromycin"",95,0,0,""Belgium"",""NRC"",""NRC_samples"",""Salmonella_Azithromycin_Belgium_NRC_samples"""
"595,2011,""Shigella spp."",""Ciprofloxacin"",127,18.1,23,""Belgium"",""NRC"",""NRC_samples"",""Shigella spp._Ciprofloxacin_Belgium_NRC_samples"""
"596,2012,""Shigella spp."",""Ciprofloxacin"",324,11.4,37,""Belgium"",""NRC"",""NRC_samples"",""Shigella spp._Ciprofloxacin_Belgium_NRC_samples"""
"597,2013,""Shigella spp."",""Ciprofloxacin"",321,9.9,32,""Belgium"",""NRC"",""NRC_samples"",""Shigella spp._Ciprofloxacin_Belgium_NRC_samples"""
"598,2014,""Shigella spp."",""Ciprofloxacin"",399,10.7,43,""Belgium"",""NRC"",""NRC_samples"",""Shigella spp._Ciprofloxacin_Belgium_NRC_samples"""
"599,2015,""Shigella spp."",""Ciprofloxacin"",392,18.1,71,""Belgium"",""NRC"",""NRC_samples"",""Shigella spp._Ciprofloxacin_Belgium_NRC_samples"""
"600,2016,""Shigella spp."",""Ciprofloxacin"",367,14.4,53,""Belgium"",""NRC"",""NRC_samples"",""Shigella spp._Ciprofloxacin_Belgium_NRC_samples"""
"601,2017,""Shigella spp."",""Ciprofloxacin"",353,28.6,101,""Belgium"",""NRC"",""NRC_samples"",""Shigella spp._Ciprofloxacin_Belgium_NRC_samples"""
"602,2018,""Shigella spp."",""Ciprofloxacin"",427,41.5,177,""Belgium"",""NRC"",""NRC_samples"",""Shigella spp._Ciprofloxacin_Belgium_NRC_samples"""
"603,2019,""Shigella spp."",""Ciprofloxacin"",421,23.9,101,""Belgium"",""NRC"",""NRC_samples"",""Shigella spp._Ciprofloxacin_Belgium_NRC_samples"""
"604,2020,""Shigella spp."",""Ciprofloxacin"",114,29.8,34,""Belgium"",""NRC"",""NRC_samples"",""Shigella spp._Ciprofloxacin_Belgium_NRC_samples"""
"605,2021,""Shigella spp."",""Ciprofloxacin"",197,23.3,46,""Belgium"",""NRC"",""NRC_samples"",""Shigella spp._Ciprofloxacin_Belgium_NRC_samples"""
"606,2022,""Shigella spp."",""Ciprofloxacin"",297,38,113,""Belgium"",""NRC"",""NRC_samples"",""Shigella spp._Ciprofloxacin_Belgium_NRC_samples"""
"607,2011,""Shigella spp."",""ESBL"",127,0,0,""Belgium"",""NRC"",""NRC_samples"",""Shigella spp._ESBL_Belgium_NRC_samples"""
"608,2012,""Shigella spp."",""ESBL"",324,1.6,5,""Belgium"",""NRC"",""NRC_samples"",""Shigella spp._ESBL_Belgium_NRC_samples"""
"609,2013,""Shigella spp."",""ESBL"",321,3.4,11,""Belgium"",""NRC"",""NRC_samples"",""Shigella spp._ESBL_Belgium_NRC_samples"""
"610,2014,""Shigella spp."",""ESBL"",399,2.5,10,""Belgium"",""NRC"",""NRC_samples"",""Shigella spp._ESBL_Belgium_NRC_samples"""
"611,2015,""Shigella spp."",""ESBL"",392,4.8,19,""Belgium"",""NRC"",""NRC_samples"",""Shigella spp._ESBL_Belgium_NRC_samples"""
"612,2016,""Shigella spp."",""ESBL"",367,3.1,11,""Belgium"",""NRC"",""NRC_samples"",""Shigella spp._ESBL_Belgium_NRC_samples"""
"613,2017,""Shigella spp."",""ESBL"",353,10.9,38,""Belgium"",""NRC"",""NRC_samples"",""Shigella spp._ESBL_Belgium_NRC_samples"""
"614,2018,""Shigella spp."",""ESBL"",427,12.1,52,""Belgium"",""NRC"",""NRC_samples"",""Shigella spp._ESBL_Belgium_NRC_samples"""
"615,2019,""Shigella spp."",""ESBL"",421,13.8,58,""Belgium"",""NRC"",""NRC_samples"",""Shigella spp._ESBL_Belgium_NRC_samples"""
"616,2020,""Shigella spp."",""ESBL"",114,10.5,12,""Belgium"",""NRC"",""NRC_samples"",""Shigella spp._ESBL_Belgium_NRC_samples"""
"617,2021,""Shigella spp."",""ESBL"",197,19.3,38,""Belgium"",""NRC"",""NRC_samples"",""Shigella spp._ESBL_Belgium_NRC_samples"""
"618,2022,""Shigella spp."",""ESBL"",297,37,110,""Belgium"",""NRC"",""NRC_samples"",""Shigella spp._ESBL_Belgium_NRC_samples"""
"619,2011,""Shigella spp."",""Azithromycin"",127,11,14,""Belgium"",""NRC"",""NRC_samples"",""Shigella spp._Azithromycin_Belgium_NRC_samples"""
"620,2012,""Shigella spp."",""Azithromycin"",324,2.2,7,""Belgium"",""NRC"",""NRC_samples"",""Shigella spp._Azithromycin_Belgium_NRC_samples"""
"621,2013,""Shigella spp."",""Azithromycin"",321,13.4,43,""Belgium"",""NRC"",""NRC_samples"",""Shigella spp._Azithromycin_Belgium_NRC_samples"""
"622,2014,""Shigella spp."",""Azithromycin"",399,0.5,2,""Belgium"",""NRC"",""NRC_samples"",""Shigella spp._Azithromycin_Belgium_NRC_samples"""
"623,2015,""Shigella spp."",""Azithromycin"",392,9.2,36,""Belgium"",""NRC"",""NRC_samples"",""Shigella spp._Azithromycin_Belgium_NRC_samples"""
"624,2016,""Shigella spp."",""Azithromycin"",367,5.4,20,""Belgium"",""NRC"",""NRC_samples"",""Shigella spp._Azithromycin_Belgium_NRC_samples"""
"625,2017,""Shigella spp."",""Azithromycin"",353,22,78,""Belgium"",""NRC"",""NRC_samples"",""Shigella spp._Azithromycin_Belgium_NRC_samples"""
"626,2018,""Shigella spp."",""Azithromycin"",427,37.2,159,""Belgium"",""NRC"",""NRC_samples"",""Shigella spp._Azithromycin_Belgium_NRC_samples"""
"627,2019,""Shigella spp."",""Azithromycin"",421,23.6,99,""Belgium"",""NRC"",""NRC_samples"",""Shigella spp._Azithromycin_Belgium_NRC_samples"""
"628,2020,""Shigella spp."",""Azithromycin"",114,34.2,39,""Belgium"",""NRC"",""NRC_samples"",""Shigella spp._Azithromycin_Belgium_NRC_samples"""
"629,2021,""Shigella spp."",""Azithromycin"",197,37.5,74,""Belgium"",""NRC"",""NRC_samples"",""Shigella spp._Azithromycin_Belgium_NRC_samples"""
"630,2022,""Shigella spp."",""Azithromycin"",297,39.1,116,""Belgium"",""NRC"",""NRC_samples"",""Shigella spp._Azithromycin_Belgium_NRC_samples"""
"631,2021,NA,""Aminoglycosides"",10433,68.0149525543947,7096,""Europe"",""EARS"",""Blood_CSF"",""NA_Aminoglycosides_Europe_Blood_CSF"""
"632,2021,NA,""Aminopenicillins"",30307,1.08555779192926,329,""Europe"",""EARS"",""Blood_CSF"",""NA_Aminopenicillins_Europe_Blood_CSF"""
"633,2021,NA,""High-level gentamicin"",16301,28.6976259125207,4678,""Europe"",""EARS"",""Blood_CSF"",""NA_High-level gentamicin_Europe_Blood_CSF"""
"634,2021,NA,""Aminopenicillins"",20946,90.6330564308221,18984,""Europe"",""EARS"",""Blood_CSF"",""NA_Aminopenicillins_Europe_Blood_CSF"""
"635,2021,NA,""High-level gentamicin"",12373,46.843934373232,5796,""Europe"",""EARS"",""Blood_CSF"",""NA_High-level gentamicin_Europe_Blood_CSF"""
"636,2021,NA,""Aminoglycosides"",139435,8.06253810019005,11242,""Europe"",""EARS"",""Blood_CSF"",""NA_Aminoglycosides_Europe_Blood_CSF"""
"637,2021,NA,""Aminopenicillins"",108730,49.1308746436126,53420,""Europe"",""EARS"",""Blood_CSF"",""NA_Aminopenicillins_Europe_Blood_CSF"""
"638,2021,NA,""Aminoglycosides"",42181,21.9624949621868,9264,""Europe"",""EARS"",""Blood_CSF"",""NA_Aminoglycosides_Europe_Blood_CSF"""
"639,2021,NA,""Aminoglycosides"",14546,6.84724322837894,996,""Europe"",""EARS"",""Blood_CSF"",""NA_Aminoglycosides_Europe_Blood_CSF"""
"640,2021,NA,""Aminoglycosides"",1421,5.06685432793807,72,""Neighbours"",""EARS"",""Blood_CSF"",""NA_Aminoglycosides_Neighbours_Blood_CSF"""
"641,2021,NA,""Aminopenicillins"",9921,0.766051809293418,76,""Neighbours"",""EARS"",""Blood_CSF"",""NA_Aminopenicillins_Neighbours_Blood_CSF"""
"642,2021,NA,""High-level gentamicin"",3395,18.6450662739323,633,""Neighbours"",""EARS"",""Blood_CSF"",""NA_High-level gentamicin_Neighbours_Blood_CSF"""
"643,2021,NA,""Aminopenicillins"",6786,89.5520188623637,6077,""Neighbours"",""EARS"",""Blood_CSF"",""NA_Aminopenicillins_Neighbours_Blood_CSF"""
"644,2021,NA,""High-level gentamicin"",3237,61.1368551127587,1979,""Neighbours"",""EARS"",""Blood_CSF"",""NA_High-level gentamicin_Neighbours_Blood_CSF"""
"645,2021,NA,""Aminoglycosides"",52030,5.74476263694023,2989,""Neighbours"",""EARS"",""Blood_CSF"",""NA_Aminoglycosides_Neighbours_Blood_CSF"""
"646,2021,NA,""Aminopenicillins"",53129,47.360198761505,25162,""Neighbours"",""EARS"",""Blood_CSF"",""NA_Aminopenicillins_Neighbours_Blood_CSF"""
"647,2021,NA,""Aminoglycosides"",12294,9.55750772734667,1175,""Neighbours"",""EARS"",""Blood_CSF"",""NA_Aminoglycosides_Neighbours_Blood_CSF"""
"648,2021,NA,""Aminoglycosides"",6662,3.2422695887121,216,""Neighbours"",""EARS"",""Blood_CSF"",""NA_Aminoglycosides_Neighbours_Blood_CSF"""
